loc,language,title,keywords,date,time
https://www.tio.ch/economia/svizzera/1710037/patate-quest-raccolto-prezzi-situazione,it,Patate: raccolto molto scarso quest'anno,"scarso quest,molto scarso quest,molto scarso,patate,raccolto,quest,prezzi,berna,dovrebbero aumentare,dovrebbero",2023-11-04,12:06:00
https://www.tio.ch/svizzera/cronaca/1710039/vento-svizzera-pericolo-marcato-nord,it,"Vento, pericolo ""marcato"" a nord delle Alpi","svizzera,vento,pericolo,marcato,nord,alpi,montagna,raffiche,pianura,portale pericoli",2023-11-04,12:26:00
https://www.tio.ch/people/people/1710041/film-cicogna-marina-italia-morta,it,È morta Marina Cicogna,"italia,marina,film,morta,cicogna,marina cicogna,anni,cinema,produttrice,storica produttrice cinematografica",2023-11-04,12:30:00
https://www.tio.ch/dal-mondo/cronaca/1710042/dittatore-camara-commando-stato-conakry,it,L'ex dittatore Camara liberato da un commando armato,"camara,dittatore,commando armato,commando,guinea conakry,ex dittatore,stato,conakry,guinea,moussa dadis camara",2023-11-04,12:38:00
https://www.tio.ch/svizzera/cronaca/1710038/una-vettura-distrutta-dalle-fiamme-sull-a2,it,Una vettura distrutta dalle fiamme sull'A2,"a2,vettura,fiamme,tre,passeggeri,conducente,nidvaldo,mezzanotte,incendio,sabato",2023-11-04,12:51:00
https://www.tio.ch/dal-mondo/cronaca/1710045/maltempo-un-altra-vittima-e-non-e-finita,it,"Maltempo, un'altra vittima. E non è finita","altra,maltempo,sabato,italia,colpite,pomeriggio,sabato pomeriggio,perturbazione,toscana,metri",2023-11-04,13:17:00
https://www.tio.ch/ticino/cronaca/1710048/ferrovia-retica-circolazione-bloccata-tra-poschiavo-e-tirano,it,"Ferrovia retica, circolazione bloccata tra Poschiavo e Tirano","poschiavo,tirano,ferrovia,circolazione,retica,ferrovia retica,strada cantonale,strada,gr,rhb",2023-11-04,13:37:00
https://www.tio.ch/svizzera/attualita/1710050/federale-piazza-gaza-migliaia-berna,it,"Piazza Federale, in migliaia manifestano per Gaza","federale,piazza federale,piazza,migliaia,gaza,organizzatori,berna,violenza,morti,causato morti",2023-11-04,13:40:00
https://www.tio.ch/dal-mondo/cronaca/1709983/gaza,it,"L'inferno di Gaza, colpite una scuola, un'ambulanza e la casa di Haniyeh","gaza,scuola,ambulanza,haniyeh,hamas,israele,ospedale,morti,feriti,provocato",2023-11-04,14:01:00
https://www.tio.ch/svizzera/cronaca/1710033/scontri-tra-tifoserie-dopo-kloten-zsc-tre-arresti,it,"Scontri tra tifoserie dopo Kloten-ZSC, tre arresti","zsc,tre,tifoserie,polizia,stazione,kloten,scontri,kloten-zsc,stazione ferroviaria,assalto",2023-11-04,14:04:00
https://www.tio.ch/ticino/cronaca/1710059/pompieri-principio-incendio-locarno-struttura,it,"Principio d'incendio in un B&B, arrivano i pompieri","locarno,pompieri,principio,incendio,struttura,fumo,vani,prime informazioni raccolte,prime informazioni,informazioni raccolte",2023-11-04,14:30:00
https://www.tio.ch/sport/motori/1710063/vince-anche-quando-non-e-il-piu-veloce,it,«Vince anche quando non è il più veloce...»,"martin,pecco bagnaia,classe regina,marquez,marc marquez,jorge martin,quando,motogp,bagnaia,marc",2023-11-04,15:00:00
https://www.tio.ch/dal-mondo/cronaca/1710065/sisma-il-bilancio-si-aggrava-i-morti-sono-almeno-157,it,"Sisma, il bilancio si aggrava: i morti sono almeno 157","aggrava,bilancio,sisma,nepal,comunicazione,molte località,frane,vie,bloccano,molte",2023-11-04,15:25:00
https://www.tio.ch/ticino/cronaca/1710061/incidente-antonino,it,"Fumo dal vano motore, si spaventa ed esce di strada","vano motore,fumo,motore,strada,posto,quartino,gambarogno,pompieri,avvenuto,strada cantonale",2023-11-04,15:31:00
https://www.tio.ch/sport/motori/1710068/lando-norris-partira-davanti-a-tutti-nello-sprint-shootout,it,Lando Norris partirà davanti a tutti nello sprint shootout,"lando,shootout,lando norris,norris,sprint shootout,partirà,perez,preceduto,max verstappen,verstappen",2023-11-04,15:46:00
https://www.tio.ch/svizzera/attualita/1710073/50mila-franchi-a-disposizione-per-gli-aiuti-d-emergenza,it,50mila franchi a disposizione per gli aiuti d'emergenza,"nepal,svizzera,disposizione,aiuti,franchi,emergenza,ambasciata,famiglie,kit,tende",2023-11-04,16:26:00
https://www.tio.ch/svizzera/cronaca/1710021/va-alla-toilette-pubblica-e-viene-aggredito-e-derubato,it,Va alla toilette pubblica e viene aggredito e derubato,"toilette pubblica,stato,toilette,aggredito,oggetto,berna,accaduto venerdì,accaduto venerdì sera,appuntito,oggetto appuntito",2023-11-04,17:50:00
https://www.tio.ch/dal-mondo/cronaca/1710086/donna-lione-pugnalata-casa-stata,it,"Lione, donna ebrea pugnalata in casa","lione,casa,donna,donna ebrea,pugnalata,stata,porta,svastica,stata incisa,incisa",2023-11-04,18:25:00
https://www.tio.ch/sport/altri-sport/1710088/massagno-nuovamente-vittorioso,it,Massagno nuovamente vittorioso,"massagno,monthey,casa,monthey 82-72,campo,punti,classifica,sbl,ginevra vevey,elfic",2023-11-04,18:34:00
https://www.tio.ch/sport/calcio/1710089/inter,it,Ancora un sigillo per l'Inter,"inter,atalanta,serie,segnature,juventus milan,raspaori,raspaori elmas,atalanta,elmas,lautaro",2023-11-04,18:49:00
https://www.tio.ch/sport/calcio/1710087/lugano-losanna-canton-vaud-fcl,it,Lugano ko: nel Canton Vaud sorride il Losanna,"lugano,losanna,vaud,canton vaud,canton,crus,sabbatini,winterthur,fcl,casa",2023-11-04,18:58:00
https://www.tio.ch/sport/hockey/1710094/league-swiss-bellinzona-rockets-martigny,it,Bellinzona Rockets infilzati dall’HCV Martigny,"hcv,bellinzona,rockets,hcv martigny,martigny,bellinzona rockets,ticinesi,swiss,swiss league,league",2023-11-04,19:27:00
https://www.tio.ch/sport/motori/1710119/formula-verstappen-perez-vince-norris,it,Vince sempre lui: Verstappen sul gradino più alto del podio,"formula,verstappen,norris,perez,vince,gara,gara sprint,sprint formula,lando,due",2023-11-04,19:48:00
https://www.tio.ch/svizzera/attualita/1710103/zurigo-strada-affitti-costo-alloggi,it,"Caro affitti, Zurigo scende in strada","zurigo,strada,affitti,costo,alloggi,pomeriggio,centinaia,centinaia persone,keystone-ats,limmat",2023-11-04,19:57:00
https://www.tio.ch/sport/hockey/1710106/lugano-luca-hcl-gianinazzi,it,"Kloten battuto, il Lugano torna al successo","lugano,kloten,luca,morini,gianinazzi,luca gianinazzi,müller,ambrì,hcl,mirco",2023-11-04,20:54:00
https://www.tio.ch/sport/hockey/1710101/league-national-ambri-davos-hcap,it,"Cinismo e maturità, l’Ambrì si muove da grande","biancoblù,ambrì,pestoni,stato,casa,successo,hcap,conz,fohrler,continuato",2023-11-04,21:08:00
https://www.tio.ch/sport/calcio/1710113/sconfitta-amara-per-il-milan,it,Sconfitta amara per il Milan,"milan,udinese,serie,rossoneri,inter,udinese,pereyra",2023-11-04,21:52:00
https://www.tio.ch/aziende-ticinesi-informano/1709952/centro-natura-tenero-legno-percorsi,it,"Un tuffo nella natura al Centro Commerciale, un po' di BoBosco a Tenero","bobosco,tenero,centro,natura,centro commerciale,green,into,offre,evento,percorsi",2023-11-05,05:35:00
https://www.tio.ch/sport/calcio/1710124/ansia-per-pavard-gli-e-uscita-la-rotula,it,Ansia per Pavard: «Gli è uscita la rotula»,"uscita,rotula,pavard,infortunio,simone,difensore francese,francese,difensore,serie,serata",2023-11-05,07:00:00
https://www.tio.ch/svizzera/cronaca/1710008/friburgo-illegale-stato-targhe-fare,it,"Aveva un trucco per parcheggiare gratuitamente, ma era illegale","illegale,friburgo,stato,targhe,fare,canton,voleva,condannato,canton friburgo,falsificazione",2023-11-05,07:13:00
https://www.tio.ch/dal-mondo/cronaca/1710131/polizia-aeroporto-amburgo-bloccato-aereo,it,"Rapisce la figlia, bloccato l'aeroporto di Amburgo","amburgo,aeroporto,bloccato,polizia,aereo,traffico,sospeso fino,sospeso,annunciato,operazione",2023-11-05,07:19:00
https://www.tio.ch/dal-mondo/cronaca/1710071/israele,it,Le forze israeliane: «Ora c'è Gaza nord e Gaza sud»,"sud,forze,gaza,hagari,daniel hagari,israele,daniel,striscia,cisgiordania,hamas",2023-11-05,07:30:00
https://www.tio.ch/people/people/1710135/sciopero-di-hollywood-c-e-il-prendere-o-lasciare-degli-studios,it,"Sciopero di Hollywood, c'è il prendere o lasciare degli Studios","hollywood,studios,sciopero,sindacato,risposta,sag-aftra,sindacato sag-aftra,luglio,riflettendo risposta,streaming",2023-11-05,07:35:00
https://www.tio.ch/economia/svizzera/1710137/dmc-posta-lavoro-perderanno-soluzione,it,In arrivo una soluzione per le 72 persone che perderanno il lavoro,"perderanno,dmc,soluzione,lavoro,posta,filiale,afferma,levrat,christian,perderanno lavoro",2023-11-05,07:40:00
https://www.tio.ch/rubriche/fashionchannel/1709802/una-collezione-caratterizzata-da-tagli-e-dettagli-di-grande-importanza,it,Una collezione caratterizzata da tagli e dettagli di grande importanza,"bomber,autunno inverno 2023-2024,family first",2023-11-05,08:00:00
https://www.tio.ch/svizzera/cronaca/1710141/abusi-sessuali-ex-vicario-minacciato-di-morte,it,Abusi sessuali: ex vicario minacciato di morte,"nicolas,abusi sessuali,abusi,morte,betticher,ex vicario,vicario,chiesa,chiesa cattolica,nicolas betticher",2023-11-05,08:01:00
https://www.tio.ch/dal-mondo/cronaca/1710142/salite-ai-piani-alti-delle-case-non-scendete-assolutamente-in-strada,it,"«Salite ai piani alti delle case, non scendete assolutamente in strada»","strada,piani,toscana,piani alti,allerta,prato,emilia-romagna,allerta arancione,liguria,italia",2023-11-05,08:08:00
https://www.tio.ch/sport/hockey/1710146/confronti-frehner-davos-procedura-giocatore,it,Aperta procedura ordinaria contro Frehner,"aperta procedura,frehner,davos,procedura,confronti,giocatore,yannick frehner,davos yannick,davos yannick frehner,carica",2023-11-05,08:12:00
https://www.tio.ch/dal-mondo/cronaca/1710151/colpita-una-nave-russa-in-crimea,it,Colpita una nave russa in Crimea,"nave russa,colpita,crimea,nave,ucraina,cantiere,cantiere navale,zaliv,cantiere navale zaliv,mar nero",2023-11-05,08:41:00
https://www.tio.ch/svizzera/attualita/1710154/tratta-svizzera-esseri-controlli-imprese,it,Tratta esseri umani: «Svizzera lassista»,"svizzera,tratta esseri,tratta esseri umani,esseri,esseri umani,tratta,controlli,imprese,tutt,controlli tutt",2023-11-05,08:55:00
https://www.tio.ch/svizzera/attualita/1710126/uomini-cellulare-studio-spermatozoi-ricerca-sperma-preoccuparsi-devono,it,«Gli uomini non devono preoccuparsi»,"preoccuparsi,fertilità,spermatozoi,devono preoccuparsi,cellulare,ricerca,studio,uomini,devono,sperma",2023-11-05,09:40:00
https://www.tio.ch/svizzera/cronaca/1710178/ritrovata-una-persona-senza-vita-sulle-rive-della-limmat,it,Ritrovata una persona senza vita sulle rive della Limmat,"zurigo,vita,senza vita,limmat,mattina,werdinsel,mattina presso,mattina presso werdinsel,presso werdinsel,svizzera",2023-11-05,10:32:00
https://www.tio.ch/dal-mondo/cronaca/1710177/sequestro-ad-amburgo-contatto-visivo-con-la-bambina-l-uomo-potrebbe-essere-in-possesso-di-esplosivi,it,"Sequestro ad Amburgo, contatto visivo con la bambina. L'uomo potrebbe essere in possesso di esplosivi","contatto visivo,esplosivi,sequestro,aeroporto,bambina,potrebbe,contatto,possesso,amburgo,trattative",2023-11-05,10:51:00
https://www.tio.ch/agenda/biglietteria/1710157/buio-lugano-immersiva-foce-esperienza,it,C'è qualcosa in mezzo al buio,"buio,lugano,sensoriale immersiva,esperienza sensoriale immersiva,esperienza sensoriale,studio foce,immersiva,foce,esperienza,studio",2023-11-05,11:00:00
https://www.tio.ch/ticino/cronaca/1710188/locarno-rega,it,"Polizia, ambulanza e Rega sul ponte sulla Maggia","rega,polizia,ponte,locarno,maggia,mezzi,tarda mattinata,deceduta,mattinata,uomini",2023-11-05,11:51:00
https://www.tio.ch/sport/motori/1710125/marquez-il-migliore-sulla-moto-migliore,it,«Marquez? Il migliore sulla moto migliore»,"ducati,migliore,moto,marquez,gino,borsoi,gino borsoi,motogp,pilota,jorge martin",2023-11-05,12:00:00
https://www.tio.ch/people/streaming/1710189/applewatch-serie-9-il-primo-carbon-neutral-ma-non-solo,it,"AppleWatch Serie 9: il primo carbon neutral, ma non solo!","primo,apple,nuovo,serie,generazione,orologi,modelli,novità,carbon,neutral",2023-11-05,12:07:00
https://www.tio.ch/dal-mondo/attualita/1710190/il-figlio-15enne-di-kadyrov-a-capo-del-servizio-di-sicurezza-ceceno,it,Il figlio 15enne di Kadyrov a capo del servizio di sicurezza ceceno,"figlio 15enne,kadyrov,15enne,figlio,sicurezza,capo,presidente,logica,cecenia,presidente ceceno",2023-11-05,12:24:00
https://www.tio.ch/dal-mondo/cronaca/1710192/aeroporto-di-amburgo-l-uomo-e-stato-arrestato,it,Aeroporto di Amburgo: l'uomo è stato arrestato,"amburgo,aeroporto,stato,consegnato,bambina,stata,anni,custodia,stata presa,presa",2023-11-05,13:42:00
https://www.tio.ch/svizzera/attualita/1710206/comunita-svizzera-cotis-iras-lavoro-due-organizzazione,it,Tensioni nella comunità interreligiosa Svizzera,"cotis,svizzera,iras cotis,iras,comunità,lavoro,due,organizzazione,rappresentanti ebraici,interreligiosa svizzera",2023-11-05,14:07:00
https://www.tio.ch/svizzera/cronaca/1710212/fermato-con-6-chili-di-cocaina-all-aeroporto-50enne-in-manette,it,"Fermato con 6 chili di cocaina all'aeroporto, 50enne in manette","50enne,chili,manette,aeroporto,cocaina,polizia,chili cocaina,dopo essere,stato,essere",2023-11-05,14:43:00
https://www.tio.ch/agenda/concerti/1710159/un-concerto-da-non-perdere-joey-calderazzo-al-jazz-cat-club,it,Un concerto da non perdere: Joey Calderazzo al Jazz Cat Club,"club,jazz,concerto,cat,jazz cat club,jazz cat,cat club,joey,joey calderazzo,calderazzo",2023-11-05,15:00:00
https://www.tio.ch/sport/calcio/1710194/bellinzona-league-challenge,it,Bellinzona sconfitto dal Sion,"bellinzona,sion,league,pollero,vallesani,challenge,challenge league,classifica,coppa,chouaref joël",2023-11-05,15:08:00
https://www.tio.ch/dal-mondo/cronaca/1710221/europa-livelli-raggiunto-odio-commissione,it,Gli attacchi antisemiti in Europa hanno raggiunto «livelli straordinari»,"europa,livelli straordinari,comunità ebraiche,livelli,raggiunto,commissione europea,commissione,odio,settimane,tutta",2023-11-05,15:16:00
https://www.tio.ch/ticino/attualita/1710219/castagna-battitura-tradizione-breggia-cabbio,it,La storica battitura della castagna,"breggia,tradizione,castagna,battitura,cabbio,battitura castagna,valle,valle muggio,muggio",2023-11-05,15:28:00
https://www.tio.ch/dal-mondo/attualita/1710227/aeroporto-amburgo-scalo-ripresa-preparativi,it,L'aeroporto di Amburgo è tornato alla normalità,"amburgo,scalo,aeroporto,rapida possibile,ripresa,germania,stati,stato,volo,aeroporto amburgo",2023-11-05,15:35:00
https://www.tio.ch/sport/altri-sport/1710208/djokovic-tennis-doppio-bryan-masters,it,Djokovic piega Dimitrov e trionfa per la settima volta a Parigi-Bercy,"parigi-bercy,djokovic,parigi,dimitrov,bercy,serbo,97esimo,nole,carriera,torneo",2023-11-05,15:55:00
https://www.tio.ch/svizzera/attualita/1710181/il-consigliere-federale-rosti-vuole-ridurre-il-canone-ssr-a-300-franchi,it,Il consigliere federale Rösti vuole ridurre il canone SSR a 300 franchi,"federale,ssr,canone,franchi,rösti,svizzera,sindacato,contrario,iniziativa,mass",2023-11-05,16:00:00
https://www.tio.ch/ticino/politica/1710229/pioggia-avvelenata-dallo-ioduro-d-argento-quali-verifiche-nel-nostro-cantone,it,Pioggia avvelenata dallo ioduro d'argento: «Quali verifiche nel nostro cantone?»,"pioggia,ioduro,verifiche,quali verifiche,argento,cantone,quali,ambrosetti,beretta,beretta piccoli",2023-11-05,16:18:00
https://www.tio.ch/svizzera/cronaca/1710240/incidente-mortale-sulla-a1-la-vittima-e-un-uomo-di-66-anni,it,Incidente mortale sulla A1: la vittima è un uomo di 66 anni,"a1,mortale,vaud,anni,incidente,veicolo,guida,nyon,gendarmeria,soccorso",2023-11-05,16:39:00
https://www.tio.ch/sport/altri-sport/1710236/basket,it,Bella vittoria per i Tigers,"basket,bella,sfida,ticinesi,tigers,montini,valter,valter montini,finale,lugano",2023-11-05,16:58:00
https://www.tio.ch/dal-mondo/attualita/1710247/amburgo-il-sequestratore-era-recidivo,it,"Amburgo, il sequestratore era recidivo","sequestratore,amburgo,turchia,figlia,germania,diversi mesi,senza autorizzazione,autorizzazione,sito,stato condannato",2023-11-05,17:03:00
https://www.tio.ch/sport/calcio/1710250/lugano-shaqiri-ordini-nazionale-crus,it,Shaqiri al lavoro sotto gli ordini del Crus,"lugano,fc,nazionale,ordini,shaqiri,crus,fc lugano,allenamento,qualche,cornaredo",2023-11-05,17:09:00
https://www.tio.ch/ticino/attualita/1710252/pista-ciclopedonale-via-monte-gaggio-via-vallone-quando,it,Pista ciclopedonale Via Monte Gaggio-Via Vallone: «Quando?»,"vallone,pista ciclopedonale,monte,quando,ciclopedonale,pista,via monte,realizzazione,gaggio,interpellanza",2023-11-05,17:20:00
https://www.tio.ch/sport/calcio/1710243/league-lugano-ls-mangiarratti-yverdon,it,Secondo successo stagionale per il Basilea,"basilea,super league,league,celestini,yverdon,kriens,lugano,yverdon alessandro,basilea fabio,yverdon alessandro mangiarratti",2023-11-05,17:29:00
https://www.tio.ch/sport/altri-sport/1710264/lugano-cheseaux-ragazze-set-partita,it,Lugano malamente battuto,"lugano,cheseaux,ragazze,set,partita,portano,frazione,errori,coach,secondo",2023-11-05,18:19:00
https://www.tio.ch/svizzera/attualita/1710182/egitto-addio-i-turisti-svizzeri-annullano-i-loro-viaggi,it,"Egitto addio, i turisti svizzeri annullano i loro viaggi","egitto,viaggi,prenotazioni,medio oriente,scoppio,oriente,annullamenti,cancellazioni,dopo scoppio,rispetto anno",2023-11-05,18:20:00
https://www.tio.ch/aziende-ticinesi-informano/1710267/ecco-la-prima-neve-arrivederci-al-2024,it,«Ecco la prima neve. Arrivederci al 2024»,"neve,prima neve,tamaro,monte,marzo,team,prossimo anno,monte tamaro,team monte tamaro,team monte",2023-11-05,18:38:00
https://www.tio.ch/sport/calcio/1710198/serie-gol-colombo-monza-verona,it,Lukaku e Azmoun capovolgono il Lecce nei recuperi,"azmoun,recuperi,lukaku,lecce,rigore,serie,passato,vantaggio,almqvist,sfida",2023-11-05,19:03:00
https://www.tio.ch/sport/motori/1710261/formula-stagione-gara-premio-leclerc,it,"Ennesimo successo per Max, la gara di Leclerc non è mai cominciata","cominciata,leclerc,max,mai cominciata,successo,gara,17esima,verstappen,problema tecnico,problema",2023-11-05,19:12:00
https://www.tio.ch/dal-mondo/cronaca/1710278/terremoto-operazioni-ricerca-nepal-sisma,it,"Terremoto, concluse le operazioni di ricerca","nepal,operazioni,terremoto,ricerca,sisma,sopravvissuti,case,notte,macerie,placca",2023-11-05,19:42:00
https://www.tio.ch/rubriche/ospite/1710281/mendrisio-referendum-park-skate-verita-lega-ticinesi-ora,it,"Referendum skate park Mendrisio, l’ora della verità","referendum,lega,ticinesi,park,ora,skate,skate park,mendrisio,verità,dicono",2023-11-05,20:15:00
https://www.tio.ch/svizzera/attualita/1710258/un-domingos-di-bufere-con-neve-e-venti-a-140-chilometri-all-ora,it,"Un ""Domingos"" di bufere con neve e venti a 140 chilometri all'ora","domingos,svizzera,ora,neve,chilometri,domenica,centimetri,polizia,maltempo,caduti",2023-11-05,20:41:00
https://www.tio.ch/dal-mondo/cronaca/1710292/quelle-strane-malattie-che-hanno-colpito-gli-artiglieri-anti-isis,it,Quelle strane malattie che hanno colpito gli artiglieri anti-Isis,"colpi,militari,stati,problemi,numero,new,sviluppato problemi,sviluppato problemi fisici,problemi fisici,marines",2023-11-05,21:01:00
https://www.tio.ch/sport/calcio/1710296/juventus-inter-firenze-fiorentina,it,"Firenze espugnata, la Juventus insegue l'Inter","juventus,inter,firenze,fiorentina,vecchia signora,partita,domenica,serie,signora,ultima partita",2023-11-05,22:05:00
https://www.tio.ch/svizzera/politica/1710123/cassis-federale-dipartimento-politica-esteri-svizzera-oriente-onu-risoluzione-critiche,it,Risoluzione ONU: tutti contro Cassis,"risoluzione,cassis,risoluzione onu,onu,svizzera,sinistra,ticinese,ministro,consigliere,federale",2023-11-05,22:50:00
https://www.tio.ch/agenda/spettacoli/1709909/rifici-lac-segreto-svelato-palcoscenico-matrimonio,it,Il segreto per un matrimonio felice svelato sul palcoscenico del Lac,"palcoscenico,matrimonio,carmelo rifici,segreto,svelato,rifici,lac,opera,feydeau,carmelo",2023-11-06,05:30:00
https://www.tio.ch/ticino/attualita/1709584/ciani-droga-parco-volti-lugano,it,"Droga al Parco Ciani: spunta l'idea della ""stanza del buco""","droga,buco,ciani,parco,stanza,valenzano rossi,valenzano,parco ciani,rossi,situazione",2023-11-06,05:30:00
https://www.tio.ch/svizzera/attualita/1709525/svizzera-vittime-state-caccia-streghe-donne-uccise-monumento-perseguitate-2mila,it,"Caccia alle streghe: oltre 2mila vittime, ma nessun monumento","svizzera,vittime,state,donne,caccia,monumento,2mila,streghe,uccise,2mila vittime",2023-11-06,05:30:00
https://www.tio.ch/dal-mondo/attualita/1709144/nazioni-onu-unite-organizzazione-stati-mondo-crisi-guerra-pace-diritto,it,ONU sotto accusa: «Non riesce a garantire la pace»,"onu,unite,guerra,stati,mondo,organizzazione,diritto,paesi,crisi,nazioni",2023-11-06,05:30:00
https://www.tio.ch/people/streaming/1702313/sandro-mai-tra-spensieratezza-e-nostalgia,it,Sandro Mai tra spensieratezza e nostalgia,"sandro,nostalgia,sandro mai,spensieratezza,album,band,tratta,argomenti,modo leggero,musica",2023-11-06,05:30:00
https://www.tio.ch/svizzera/cronaca/1710311/si-schianta-in-moto-morto-un-34enne,it,"Si schianta in moto, morto un 34enne","moto,34enne,morto,zurigo,motociclista,ferite,andato,segnalazione,cartello,incidente",2023-11-06,05:50:00
https://www.tio.ch/sport/hockey/1710149/l-ambri-con-il-morale-alle-stelle-il-lugano-a-corto-di-fiato,it,"L'Ambrì con il morale alle stelle, il Lugano a corto di fiato","lugano,punti,ambrì,pausa,due,squadra,posto,national league,league,national",2023-11-06,06:00:00
https://www.tio.ch/aziende-ticinesi-informano/1710314/hildebrand-il-dr-paolo-rossi-nominato-primario,it,"Hildebrand, il Dr. Paolo Rossi nominato primario","paolo,hildebrand,nuovo,nominato,rossi,ruolo,paolo rossi,gennaio,dr,medico",2023-11-06,06:44:00
https://www.tio.ch/rubriche/mobilita/1709663/km-record-barca-studenti-townsend,it,La barca elettrica da record: 183 km/h,"km,record,barca,studenti,lago townsend,townsend,lago,università,princeton,fissato",2023-11-06,06:52:00
https://www.tio.ch/svizzera/cronaca/1710315/svaligiata-una-gioielleria-ladri-in-fuga,it,"Svaligiata una gioielleria, ladri in fuga","fuga,gioielleria,ladri,polizia,uomini,crans-montana,contingente,malviventi,dispiegato,contingente uomini",2023-11-06,06:54:00
https://www.tio.ch/rubriche/ospite/1710316/skate-park-mendrisio-sono-una-mamma-contraria,it,Skate park Mendrisio: «Sono una mamma contraria»,"mariangela pagani,mendrisio,mariangela,mamma,skate,ligornetto,giovani,zone,svago,comunità",2023-11-06,07:04:00
https://www.tio.ch/newsblog/ated/1710318/belle-robot-ricerca-eth-faulhaber-pesce-zurigo-motore-swiss-robotics,it,Un pesce robot allo Swiss Robotics Day 2023,"zurigo,robot,pesce,robotics,faulhaber,swiss,swiss robotics day,motore,ricerca,pesce robot",2023-11-06,07:05:00
https://www.tio.ch/dal-mondo/attualita/1710320/donald-trump-sta-elaborando-un-piano-per-vendicarsi,it,Donald Trump «sta elaborando un piano per vendicarsi»,"donald,piano,donald trump,trump,washington,esercito,giustizia,caso,post,washington post",2023-11-06,07:25:00
https://www.tio.ch/ticino/attualita/1709619/i-dottor-sogni-cosi-portiamo-il-sorriso-tra-i-bimbi-in-ospedale,it,I Dottor Sogni: «Così portiamo il sorriso tra i bimbi in ospedale»,"sogni,fondazione,bambini,quando,sorriso,dottor,dottor sogni,theodora,ospedale,fondazione theodora",2023-11-06,07:31:00
https://www.tio.ch/dal-mondo/cronaca/1710280/gaza-israele-due-striscia-sud,it,L'Iran ai Brics: «Fermate Israele». Sottomarino Usa schierato nel Mediterraneo,"israele,usa,brics,stato,mediterraneo,iran,stato americano,blinken,segretario,anthony blinken",2023-11-06,07:48:00
https://www.tio.ch/people/people/1710328/sanremo-marco-mengoni-co-conduttore-della-prima-serata,it,"Sanremo, Marco Mengoni co-conduttore della prima serata","marco mengoni co-conduttore,marco,sanremo,serata,co-conduttore,marco mengoni,mengoni co-conduttore,amadeus,mengoni,prima serata",2023-11-06,07:54:00
https://www.tio.ch/ticino/attualita/1710330/cadro-scomparso-tratta-max-adam,it,Scomparso da una settimana da Cadro. Si cerca un ragazzo di 20 anni,"scomparso,cadro,polizia cantonale,polizia,max,carlo,adam,carlo max adam,max adam marquadat,carlo max",2023-11-06,07:56:00
https://www.tio.ch/rubriche/fashionchannel/1710332/bellezza-hairlovers-miss-ticino-mamma-backstage-hairlover,it,Miss Mamma Ticino: nel backstage con i parrucchieri Hairlovers,"backstage,miss mamma ticino,miss,mamma ticino,miss mamma,ticino,hairlover,hairlovers,bellezza,mamma",2023-11-06,08:00:00
https://www.tio.ch/dal-mondo/cronaca/1710336/una-giornata-di-tregua-ma-sta-per-tornare-il-maltempo,it,"Una giornata di tregua, ma sta per tornare il maltempo","italia,toscana,tregua,maltempo,giornata,molto critica,resta molto,resta molto critica,resta,situazione",2023-11-06,08:29:00
https://www.tio.ch/ticino/cronaca/1710346/cassazione-17mila-euro-spacciatore-cocaina,it,"Pizzicato mentre vendeva droga a Ponte Chiasso, pusher risarcito per 17mila euro","17mila euro,17mila,chiasso,droga,ponte chiasso,euro,pusher,ponte,cassazione,denaro",2023-11-06,09:06:00
https://www.tio.ch/ticino/attualita/1710345/non-aspettare-la-neve-per-rendere-il-tuo-veicolo-piu-sicuro,it,«Non aspettare la neve per rendere il tuo veicolo più sicuro!»,"veicolo,veicoli,pneumatici,equipaggiamento,sensibilizzazione,strade,polizia cantonale,polizia,equipaggiamento invernale,corretto equipaggiamento",2023-11-06,09:20:00
https://www.tio.ch/svizzera/attualita/1710322/lo-spettacolo-delle-aurore-boreali-nel-cielo-svizzero,it,Lo spettacolo delle aurore boreali nel cielo svizzero,"svizzero,aurore,aurore boreali,spettacolo,cielo svizzero,cielo,molte,molte località,evento,località",2023-11-06,09:21:00
https://www.tio.ch/ticino/attualita/1710350/natale-ecco-tutte-le-aperture-straordinarie-dei-negozi,it,"Natale, ecco tutte le aperture straordinarie dei negozi","lavoro,domenica,può,negozi,aperture,lavoratore,domeniche,aperture straordinarie,occupazione,essere",2023-11-06,09:23:00
https://www.tio.ch/ticino/attualita/1710355/novembre-donazione-sangue-lugano-crs,it,Due giornate per promuovere la donazione di sangue,"novembre,centri trasfusionali,donazione,sangue,lugano,crs,centri,iniziativa,bellinzona,locarno",2023-11-06,09:39:00
https://www.tio.ch/svizzera/cronaca/1710359/denaro-bancomat-causato-franchi-esplosione,it,Fanno esplodere un bancomat e scappano con il denaro,"denaro,bancomat,causato,franchi,esplosione,san gallo,gallo,danni,centinaia,causato danni",2023-11-06,09:56:00
https://www.tio.ch/sport/calcio/1710305/coppa-lugano-bellinzona-svizzera-campionato,it,"Niente bis per il Lugano, Bellinzona in crescita","svizzera,lugano,losanna,campionato,coppa svizzera,bellinzona,bianconeri,coppa,risultato,vaud",2023-11-06,10:00:00
https://www.tio.ch/svizzera/attualita/1710361/energia-neanche-quest-anno-ci-sara-il-rischio-di-rimanere-a-corto,it,"Energia, neanche quest'anno ci sarà il rischio di rimanere a corto","europa,energia,inverno,gas,elettricità,centrali,svizzera,prezzi,centrali nucleari,approvvigionamento",2023-11-06,10:18:00
https://www.tio.ch/ticino/attualita/1710365/attenzione-tpl-bus-supereroe-farsi,it,Un supereroe per non farsi male sui bus,"farsi male,supereroe,tpl,bus,farsi,attenzione,prestare attenzione,utenti,invita,supermuscoli",2023-11-06,10:22:00
https://www.tio.ch/svizzera/attualita/1710368/trasporti-spesi-in-un-anno-11-000-franchi-a-testa-per-muoversi,it,"Trasporti, spesi in un anno 11'000 franchi a testa per muoversi","trasporto,miliardi,franchi,stati,costi,trasporti,spesi,miliardi franchi,totale,costato",2023-11-06,10:23:00
https://www.tio.ch/ticino/attualita/1710363/prolungata-l-allerta-piena-per-il-lago-di-lugano,it,Prolungata l'allerta piena per il lago di Lugano,"lugano,allerta,lago,allerta piena,piena,giovedì,dovrebbe,picco,domenica,lago lugano",2023-11-06,10:29:00
https://www.tio.ch/sport/hockey/1710369/biennale-con-lo-zugo-per-k-nzle,it,Biennale con lo Zugo per Künzle,"künzle,biennale,zugo,davos,league,kessler,hollenstein,gross,national league,national",2023-11-06,10:33:00
https://www.tio.ch/sport/hockey/1710380/nussbaumer-con-la-svizzera-per-la-karjala-cup,it,Nussbaumer con la Svizzera per la Karjala Cup,"cup,nussbaumer,zugo,davos,karjala cup,karjala,svizzera,finlandia,attaccante,23enne",2023-11-06,10:42:00
https://www.tio.ch/ticino/attualita/1710376/elisabeth-baume-schneider-e-arrivata-a-chiasso,it,Elisabeth Baume-Schneider è arrivata a Chiasso,"federale,asilo,arrivata,chiasso,elisabeth baume-schneider,baume-schneider,elisabeth baume,baume,elisabeth,autorità",2023-11-06,10:45:00
https://www.tio.ch/dal-mondo/cronaca/1710385/il-papa-non-sto-bene-di-salute,it,Il Papa: «Non sto bene di salute»,"papà,salute,rabbini,discorso,rabbini europei,vaticano,raffreddore,po,italia,po raffreddore",2023-11-06,10:51:00
https://www.tio.ch/svizzera/cronaca/1710379/si-ribalta-con-la-canoa-muore-un-75enne,it,"Si ribalta con la canoa, muore un 75enne","75enne,canoa,quattro cantoni,accaduto,ieri pomeriggio,pomeriggio,stato,quattro,lago,cantoni",2023-11-06,10:52:00
https://www.tio.ch/rubriche/fashionchannel/1710333/nuovo-centro-michela-veronelli-scuse,it,"A Chiasso un nuovo centro estetico, anzi molto di più…","nuovo,centro estetico,nuovo centro,centro,zero scuse,michela,veronelli,michela veronelli,scuse,obbiettivi",2023-11-06,11:00:00
https://www.tio.ch/people/people/1709607/foglietta-tognazzi-capodieci-rossi-stuart,it,"Capodieci con Tognazzi, Foglietta e Rossi Stuart","foglietta,rossi stuart,stuart,tognazzi,rossi,capodieci,attore,balerna,video,serie",2023-11-06,11:00:00
https://www.tio.ch/agenda/spettacoli/1710399/pio-e-amedeo-a-lugano-lo-spettacolo-e-rinviato-a-febbraio-2024,it,"Pio e Amedeo a Lugano, lo spettacolo è rinviato a febbraio 2024","pio,amedeo,febbraio,spettacolo,lugano,show,felicissimo show,palazzo,pio amedeo,due",2023-11-06,11:28:00
https://www.tio.ch/svizzera/cronaca/1710374/si-appendono-alla-ruota-sospesa-che-si-stacca-e-travolge-due-persone,it,"Si appendono alla ruota sospesa, che si stacca e travolge due persone","due,ospedale,ruota sospesa,grigioni,ruota,sospesa,incidente,festa,compleanno,tre",2023-11-06,11:32:00
https://www.tio.ch/dal-mondo/attualita/1710406/cina-pechino-progressi-stati-premier,it,Albanese a Pechino: tra tensioni strategiche e progressi commerciali,"cina,pechino,progressi,stati,premier,fatti,fatti progressi,stati fatti progressi,australia,molto positivi",2023-11-06,11:52:00
https://www.tio.ch/ticino/attualita/1710408/condizioni-migliori-nei-centri-per-richiedenti-asilo-e-non-di-semi-detenzione,it,«Condizioni migliori nei centri per richiedenti asilo e non di semi detenzione»,"richiedenti asilo,mendrisiotto regione aperta",2023-11-06,12:01:00
https://www.tio.ch/svizzera/attualita/1711205/confederazione-presidente-svizzera-berset-papa-dono,it,Il dono di Berset al Papa,"pace,papà,presidente,confederazione,dono,berset,svizzera,udienza,bollettino,pontefice",2023-11-09,10:15:00
https://www.tio.ch/svizzera/cronaca/1711211/500-uccelli-illegalmente-in-gabbia,it,500 uccelli illegalmente in gabbia,"svizzera,neuchâtel",2023-11-09,10:40:00
https://www.tio.ch/newsblog/viaggi-turismo/1711212/in-sella-a-una-bici-fino-al-lago-di-ledro,it,In sella a una bici fino al lago di Ledro,"bici,garda,bicicletta,unesco,trentino,ledro",2023-11-09,10:43:00
https://www.tio.ch/svizzera/attualita/1711216/due-nuovi-francobolli-a-tema-disney-e-cinque-per-natale,it,Due nuovi francobolli a tema Disney e cinque per Natale,"svizzera,posta,disney,francobolli",2023-11-09,11:01:00
https://www.tio.ch/svizzera/attualita/1711222/carenza-di-docenti-in-molti-cantoni-lanciato-piano-d-azione,it,"Carenza di docenti in molti cantoni, lanciato piano d'azione","svizzera,docenti",2023-11-09,11:01:00
https://www.tio.ch/ticino/attualita/1711226/un-nuovo-veicolo-elettrico-per-il-comune-di-balerna,it,Un nuovo veicolo elettrico per il Comune di Balerna,"municipio,balerna",2023-11-09,11:12:00
https://www.tio.ch/svizzera/attualita/1711227/odio-contro-gli-ebrei-cassis-e-insopportabile-molti-di-loro-hanno-paura-a-uscire-di-casa,it,"Odio contro gli ebrei, Cassis: «È insopportabile. Molti di loro hanno paura a uscire di casa»","svizzera,ignazio cassis,antisemitismo,hamas,notte dei cristalli",2023-11-09,11:19:00
https://www.tio.ch/svizzera/attualita/1711223/dock-nuovo-torre-zurigo-aeroporto-volto,it,Il nuovo volto dell'aeroporto di Zurigo sarà così,"volto,dock,torre,aeroporto,nuovo volto,nuovo,zurigo,kloten,dicembre,nuovo dock",2023-11-09,11:22:00
https://www.tio.ch/svizzera/attualita/1711228/treni-soppressi-fra-ginevra-e-losanna-normalita-forse-domani,it,"Treni soppressi fra Ginevra e Losanna, normalità forse domani","svizzera,ginevra,losanna",2023-11-09,11:22:00
https://www.tio.ch/economia/dal-mondo/1711230/galaxy-intelligenza-samsung-ia-tempo-telefonate,it,Samsung lavora a un'IA che tradurrà in tempo reale le telefonate,"galaxy,intelligenza artificiale,ia,telefonate,intelligenza,samsung,tempo,tempo reale,basata,ia basata",2023-11-09,11:28:00
https://www.tio.ch/ticino/attualita/1711231/a2-campaccio-terminati-i-lavori-sulla-carreggiata-nord-sud,it,A2 Campaccio: terminati i lavori sulla carreggiata nord-sud,"carreggiata nord-sud,a2 campaccio,lavori,campaccio,terminati,carreggiata,a2,subito ripristinata,direzioni,viabilità",2023-11-09,11:34:00
https://www.tio.ch/sport/calcio/1710894/someo-romeo-gianinazzi-i-calci-piazzati-e-il-mio-rapporto-con-gli-arbitri,it,"Someo, Romeo Gianinazzi: «I calci piazzati e il mio rapporto con gli arbitri...»","romeo gianinazzi,arbitri,someo,po,gianinazzi,romeo,svizzera,capitano,sogno,coppa",2023-11-09,11:39:00
https://www.tio.ch/economia/dal-mondo/1711232/tassi-saliranno-salvo-shock-altri,it,«Salvo altri shock i tassi non saliranno più»,"altri shock,saliranno,salvo,shock,altri,tassi,banca,inflazione,françois villeroy,francia",2023-11-09,11:40:00
https://www.tio.ch/sport/motori/1711234/barin-fecchio-e-l-i-drive-racing-team-fa-festa,it,"Barin-Fecchio, e l'I-Drive Racing Team fa festa","i-drive,i-drive racing,i-drive racing team,team,barin,racing team,racing,fecchio,barin-fecchio,franco barin",2023-11-09,12:10:00
https://www.tio.ch/sport/hockey/1711235/luoto-a-berna-fino-al-termine-della-stagione,it,Luoto a Berna fino al termine della stagione,"luoto,berna,stagione,termine,national,national league,league,termine stagione,fino termine,fino termine stagione",2023-11-09,12:12:00
https://www.tio.ch/ticino/cronaca/1711236/vedeggio-cassarate-alcune-riportato-danni-coinvolte,it,Maxi-scontro nella Vedeggio-Cassarate,"vedeggio-cassarate,lugano,quattro,cinque,galleria,danni importanti,riportato danni importanti,riportato danni,cinque feriti,vetture",2023-11-09,12:16:00
https://www.tio.ch/agenda/concerti/1711180/mingardi-e-i-supercircus-per-il-gala-di-natale,it,Mingardi e i Supercircus per il Galà di Natale,"gala di natale,andrea mingardi,fondazione patriziato bellinzona,teatro sociale bellinzona,supercircus",2023-11-09,13:00:00
https://www.tio.ch/dal-mondo/attualita/1711176/striscia-blackout-buio-gaza-quando-punto-arma,it,"Quando Gaza ""sparisce"", il buio digitale come arma","buio,arma,gaza,buio digitale,striscia,quando,blackout,punto,tre,ultime settimane",2023-11-09,13:00:00
https://www.tio.ch/svizzera/attualita/1711245/zurigo-sedie-ostaggi-hamas-ogni,it,Quelle 240 sedie vuote per ricordare gli ostaggi rapiti da Hamas,"sedie vuote,hamas,zurigo,ostaggi,sedie,chiedono,privati,installazione,fare,ogni",2023-11-09,13:04:00
https://www.tio.ch/svizzera/politica/1711249/accordi-bilaterali-aria-di-disgelo-tra-berna-e-bruxelles,it,"Accordi bilaterali, aria di disgelo tra Berna e Bruxelles","bruxelles,svizzera,berna,accordi,mandato,mandato negoziale,ue,comunicato ufficialmente,bozza,calendario",2023-11-09,13:20:00
https://www.tio.ch/svizzera/attualita/1711257/riapre-la-strada-del-bernina,it,Riapre la strada del Bernina,"bernina,tempo,strada,senza limitazioni,limitazioni,venerdì,grigioni,passo,pomeriggio,corsia",2023-11-09,13:49:00
https://www.tio.ch/sport/hockey/1711266/verboon-contratto-lugano-23enne-estate,it,Verboon a Lugano fino al 2026,"lugano,verboon,contratto,23enne,estate,arrivato,scadenza,scorsa estate,matthew,23enne attaccante",2023-11-09,13:50:00
https://www.tio.ch/svizzera/attualita/1711263/il-30-all-ora-va-generalizzato-all-interno-delle-localita,it,«Il 30 all'ora va generalizzato all'interno delle località»,"upi,velocità,interno,va,località,incidenti,numero,km,riduzione,incidenti gravi",2023-11-09,13:52:00
https://www.tio.ch/dal-mondo/cronaca/1711269/attentato-a-madrid-sparano-in-faccia-al-fondatore-di-vox,it,Attentato a Madrid: sparano in faccia al fondatore di Vox,"madrid,fondatore,vox,vidal-quadras,alejo vidal-quadras,anni,condizioni,alejo,spagna,vox alejo vidal-quadras",2023-11-09,14:09:00
https://www.tio.ch/svizzera/attualita/1711270/lo-spettometro-dell-universita-di-berna-va-sulla-luna,it,Lo spettometro dell'Universita di Berna va sulla Luna,"strumento,berna,rocce lunari,analisi,luna,universita,missione,utilizzato,rocce,lims",2023-11-09,14:19:00
https://www.tio.ch/ticino/cronaca/1711282/licenziamenti-alla-s-dpack-di-bioggio-fino-a-50-i-posti-a-rischio,it,"Licenziamenti alla Südpack di Bioggio, fino a 50 i posti a rischio","bioggio,südpack,licenziamenti,azienda,riorganizzazione aziendale,riorganizzazione,mercato,südpack bioggio,capacità produttive,perdite",2023-11-09,14:55:00
https://www.tio.ch/ticino/attualita/1711283/sempre-piu-pratiche-digitali-in-seno-alla-polizia-di-lugano,it,Sempre più pratiche digitali in seno alla Polizia di Lugano,"polizia,servizio,sezione amministrativa,pratiche digitali,online,sezione,processi,digitali,lugano,ufficio controllo",2023-11-09,14:56:00
https://www.tio.ch/svizzera/attualita/1711240/die-er-habe-und-jerith-der-sich,it,UBS chiude (per sbaglio) nel caveau il proprietario del San Carlo di Lugano,"carlo,caveau,lugano,ubs,san carlo,proprietario,zurigo,polizia,tiktok,naveen",2023-11-09,15:00:00
https://www.tio.ch/dal-mondo/politica/1711281/un-accordo-per-risolvere-il-conflitto-storico-tra-spagna-e-catalogna,it,Un accordo «per risolvere il conflitto storico tra Spagna e Catalogna»,"accordo,conflitto storico,catalogna,spagna,conflitto,percorso,percorso incerto,democrazia,carles puigdemont,carles",2023-11-09,15:00:00
https://www.tio.ch/ticino/politica/1711279/carenza-di-operai-comunali-o-speculazioni,it,«Carenza di operai comunali o speculazioni?»,"città,operai comunali,manifestazioni,operai,pompieri,luca madonna,municipio,bellinzona,servizi urbani,impiegati",2023-11-09,15:01:00
https://www.tio.ch/ticino/attualita/1711293/ente-pubblico-e-aziende-unite-per-affrontare-le-nuove-sfide,it,«Ente pubblico e aziende unite per affrontare le nuove sfide»,"lugano,ente pubblico,imprese,sfide,lavoro,aziende,ente,responsabilità,mercato,territorio",2023-11-09,15:22:00
https://www.tio.ch/ticino/cronaca/1711295/vedeggio-cassarate-chiusa-fino-alle-17-00-grave-un-ottantenne,it,"Vedeggio-Cassarate chiusa fino alle 17.00, grave un'ottantenne","incidente,vedeggio-cassarate,chiusa,quattro,lugano,ferite,rimaste,coinvolto,persone rimaste,persone rimaste ferite",2023-11-09,15:22:00
https://www.tio.ch/ticino/cronaca/1711303/scuola-direttore-istituto-lugano-segnalazione,it,Direttore di una scuola privata indagato per reati finanziari,"lugano,scuola,istituto,direttore,segnalazione,41enne,rsi",2023-11-09,15:37:00
https://www.tio.ch/svizzera/attualita/1711301/65-coltellate-alla-compagna-vent-anni-all-assassino-di-emmenbr-cke,it,"65 coltellate alla compagna, vent'anni all'assassino di Emmenbrücke","emmenbrücke,coltellate,assassino,compagna,anni,giudice durante,così brutale,femminicidio così,femminicidio così brutale,perdono",2023-11-09,15:38:00
https://www.tio.ch/sport/motori/1711092/martin-bagnaia-motogp,it,"Il titolo? Bagnaia, Martin e non solo","titolo,due,martin,bagnaia,italia,gare,jorge,lotta,team,continua",2023-11-09,15:39:00
https://www.tio.ch/rubriche/ospite/1711305/skatepark-mendrisio-si-allo-sport,it,Skatepark Mendrisio – Sì allo sport!,"mendrisio,butt,samuele butt,sport,skatepark,samuele,skatepark mendrisio,martino,san martino,comparto",2023-11-09,15:41:00
https://www.tio.ch/svizzera/attualita/1711309/a-basilea-una-mostra-un-po-ticinese-su-caravaggio,it,A Basilea una mostra (un po' ticinese) su Caravaggio,"basilea,mostra,caravaggio,dipinti originali,dipinti,messe basel,originali presenti,dipinti originali presenti,aprile,dicembre",2023-11-09,15:52:00
https://www.tio.ch/ticino/politica/1711304/deterioramento-stradale-a-lugano-sicurezza-a-rischio,it,Deterioramento stradale a Lugano: sicurezza a rischio?,"lugano,rischio,deterioramento,sicurezza,segnalazioni,cittadini,quali,municipio,campana,luca campana",2023-11-09,15:54:00
https://www.tio.ch/people/people/1711246/hunziker-carollo-social-alessandro-dichiarazione-michelle-fa,it,Alessandro Carollo fa la dichiarazione social a Michelle Hunziker,"michelle hunziker,social,alessandro,hunziker,dichiarazione,carollo,michelle,fa,alessandro carollo,mano",2023-11-09,16:00:00
https://www.tio.ch/svizzera/politica/1711292/visita-di-stato-in-svizzera-per-macron,it,Visita di Stato in Svizzera per Macron,"presidente,macron,novembre,stato,dossier bilaterali,svizzera,visita,francia,francese,presidente francese",2023-11-09,16:02:00
https://www.tio.ch/ticino/attualita/1710880/l-arte-che-resiste-alla-guerra,it,L'arte che resiste alla guerra,"art,arte,artisti,residenza,guerra,ucraina,swiss diamond,opere,hotel,diamond",2023-11-09,16:18:00
https://www.tio.ch/dal-mondo/attualita/1711327/gaza-nella-morsa-delle-malattie-infettive,it,Gaza nella morsa delle malattie infettive,"malattie infettive,gaza,casi,malattie,segnalati,metà,stati segnalati,stati,diarrea,oms",2023-11-09,16:52:00
https://www.tio.ch/rubriche/ospite/1711336/urc-politiche-signor-carmine-nicoletta-collocamento,it,Riflessioni sulle Politiche di Collocamento: Il Caso del signor A.,"carmine,nicoletta,politiche,signor,collocamento,lavoro,situazione,urc,carmine nicoletta,esigenze",2023-11-09,17:20:00
https://www.tio.ch/svizzera/attualita/1711154/riscaldamento-casa-energia-svizzera-tre,it,Riscaldamento: ecco come stare al caldo senza spendere e consumare troppo,"riscaldamento,svizzera,tre,casa,potrebbe,danni,energia,inverno,possono,temperatura",2023-11-09,17:34:00
https://www.tio.ch/rubriche/ospite/1711356/balerna-sezione-udc-due-fondatori,it,"«Parlare è inutile, meglio sparare»","verdi balerna,sezione udc,sezione,balerna,udc,nuova sezione,nuova sezione udc,due,sinistra,fondatori",2023-11-09,18:19:00
https://www.tio.ch/economia/svizzera/1711361/bns-deve-banche-caso-banca,it,«La BNS deve sostenere le banche in caso di necessità»,"bns deve,banche,bns,deve,caso,banca,requisiti,determinati requisiti,soddisfare determinati,deve tuttavia",2023-11-09,18:39:00
https://www.tio.ch/rubriche/ospite/1711363/locarno-lavertezzo-progetto-kevin-comparto-acque-pido,it,"Locarno-Lavertezzo: dopo aver smosso le acque, ora difendiamo il progetto per un comparto più forte","comparto,kevin pidò,locarno-lavertezzo,progetto,pidò,kevin,acque,lavertezzo,locarno,fusione",2023-11-09,18:50:00
https://www.tio.ch/sport/hockey/1711350/svizzera-patrick-fischer,it,La Svizzera scivola all'esordio,"svizzera,finlandia,nazionale,patrick,fischer,patrick fischer,suomela,müller,svezia,nazionale svizzera",2023-11-09,18:53:00
https://www.tio.ch/svizzera/attualita/1711314/mi-hai-chiamato-dall-altra-parte-uno-sconosciuto,it,"«Mi hai chiamato?», dall'altra parte uno sconosciuto","altra parte,spoofing,dati,chiamate,art,numero,altra,svizzera,dati sensibili,tratta",2023-11-09,19:32:00
https://www.tio.ch/dal-mondo/politica/1711371/il-dialogo-usa-cina-riparte-dal-clima,it,Il dialogo Usa-Cina riparte dal clima,"cina,usa,dialogo,riparte,clima,usa-cina,parole,xie,terreno,cinese",2023-11-09,19:43:00
https://www.tio.ch/sport/calcio/1711369/league-europa-sheriff-tiraspol,it,Successo importante per il Servette,"europa,europa league,servette,sheriff,sheriff tiraspol,tiraspol,league,merito,servette sheriff,servette sheriff tiraspol",2023-11-09,19:46:00
https://www.tio.ch/sport/hockey/1711385/svezia-sfida-ragazze-tre-rossocrociate,it,La Svezia fa sua la prima sfida contro le elvetiche,"prima sfida,svezia,sfida,ragazze,due,ljungblom sara hjalmarsson,jungaker hilda svensson,mara frey,frey alina,jungaker hilda",2023-11-09,20:04:00
https://www.tio.ch/svizzera/attualita/1711324/svizzera-una-nazione-di-affittuari,it,"Svizzera, una nazione di affittuari?","new,york,new york,nazione,svizzera,casa,times,york times,new york times,tendenza",2023-11-09,21:00:00
https://www.tio.ch/sport/altri-sport/1711378/svizzera-golubic-wta-naef-kenin,it,La Svizzera saluta la competizione,"céline naef,svizzera,naef,kenin,sofia kenin,collins,danielle collins,golubic,viktorija golubic,wta",2023-11-09,21:22:00
https://www.tio.ch/svizzera/attualita/1711395/sciatore-courage-guida-prix-zumtaugwald,it,Il Prix Courage 2023 va alla guida alpina che salvò lo sciatore,"prix courage,courage,guida alpina,sciatore,guida,prix,zumtaugwald,torrente sotterraneo,ghiacciaio,torrente",2023-11-09,21:38:00
https://www.tio.ch/sport/calcio/1711367/fcl-bruges-league-conference,it,Lugano sconfitto 2-0 dal Bruges,"sconfitto,sconfitto 2-0,lugano,bruges,fcl,ripresa,pioggia,conference,conference league,gruppo",2023-11-09,22:01:00
https://www.tio.ch/sport/calcio/1711409/lugano-fcl,it,«Il rigore (generoso) ci ha un po' tagliato le gambe»,"gambe,rigore,bruges,po,tagliato,lugano,conference league,conference,mattia croci-torti,testa alta",2023-11-09,23:39:00
https://www.tio.ch/cucinare-con-fooby/paidpost/1710755/che-pasticcio,it,Che pasticcio!,"pangrattato,bruxelles,panna,cavoli,cavoli bruxelles,puoi,ca,salsa,uovo,latte",2023-11-10,05:00:00
https://www.tio.ch/ticino/attualita/1711272/parlare-di-guerra-a-scuola-piu-lezioni-di-storia-contemporanea,it,Parlare di guerra a scuola: «Più lezioni di storia contemporanea»,"lugano,storia contemporanea,guerra,lezioni,scuola,storia,studenti,alcuni studenti,bisognerebbe,liceo",2023-11-10,05:30:00
https://www.tio.ch/dal-mondo/attualita/1711210/due-israele-stato-palestina-pace-accordi-stati-nazioni-territorio-territori,it,Perchè israeliani e palestinesi si odiano? Tutto quello che c'è da sapere,"egitto,unite,israele,cisgiordania,guerra,gaza,palestina,due,popolazione,stati",2023-11-10,05:30:00
https://www.tio.ch/agenda/mostre-e-incontri/1711197/lugano-teatro-evento-centro-locarno-mendrisio-appuntamento-pubblico-sabato-informazioni,it,"Vino, pulenta e furmàcc per un weekend dedicato al territorio","lugano,notte,centro,locarno,mendrisio,pubblico,eventi,sabato,teatro,weekend",2023-11-10,05:30:00
https://www.tio.ch/people/people/1711196/film-due-papaya-amicizia-gelosia,it,"""Papaya 69"", dalla gelosia all'amicizia","papaya,papaya,gelosia,film,due,amicizia,bernasconi,ragazze,ticinesi,tempo",2023-11-10,05:30:00
https://www.tio.ch/ticino/attualita/1711188/guerra-professore-storia-conflitto-scuola-difficolta-social-aiutano-po-banchi,it,La guerra israelo-palestinese fra i banchi di scuola: «I social aiutano poco a capire»,"social,po,scuola,difficoltà,storia,professore,guerra,conflitto,aiutano,banchi",2023-11-10,05:30:00
https://www.tio.ch/agenda/biglietteria/1710756/no-tu-no-enzo-jannacci-secondo-egidia-bruno,it,"""No tu no"", Enzo Jannacci secondo Egidia Bruno","teatro foce,enzo jannacci,egidia bruno,no tu no",2023-11-10,05:30:00
https://www.tio.ch/aziende-ticinesi-informano/1710690/dropswiss-locarno-acquisti-svizzera-online,it,Dropswiss: «Shopping online con qualità svizzera»,"svizzera,online,qualità,shopping online,shopping,dropswiss,qualità svizzera,ivo,protrkic,ivo protrkic",2023-11-10,05:34:00
https://www.tio.ch/rubriche/ospite/1711419/illusioni-e-criminalita-nelle-criptovalute,it,Illusioni e criminalità nelle criptovalute,"criminalità,raoul ghisletta,criptovalute",2023-11-10,05:35:00
https://www.tio.ch/sport/hockey/1711041/tifoso-parola-tempo-lugano-giocatori,it,«Mio nonno mi diceva che il vero derby era Ambrì contro Piotta»,"piotta,derby,nonno,vero derby,ambrì,speroni,tifoso,pioggia,mattia speroni,fermati",2023-11-10,06:00:00
https://www.tio.ch/svizzera/cronaca/1711418/doppio-incidente-sull-a16-un-ferito-leggero,it,"Doppio incidente sull'A16, un ferito leggero","autostrada,giura,incidente,a16",2023-11-10,06:02:00
https://www.tio.ch/dal-mondo/cronaca/1711421/e-morto-frank-borman-primo-astronauta-che-orbito-attorno-alla-luna,it,"È morto Frank Borman, primo astronauta che orbitò attorno alla Luna","morto,astronauta,frank borman",2023-11-10,06:09:00
https://www.tio.ch/ticino/attualita/1711422/il-municipio-di-minusio-ridefinisce-gli-orari-degli-sportelli,it,Il Municipio di Minusio ridefinisce gli orari degli sportelli,"orari,municipio,sportelli",2023-11-10,06:17:00
https://www.tio.ch/dal-mondo/cronaca/1711424/eseguito-a-new-york-il-primo-trapianto-di-un-intero-occhio,it,Eseguito a New York il primo trapianto di un intero occhio,"stati uniti,occhio,trapianto",2023-11-10,06:28:00
https://www.tio.ch/ticino/attualita/1711229/appartamenti-venuti-po-alloggi-catapecchie-tante,it,"«Pochi alloggi dignitosi, tante catapecchie»","catapecchie,tante catapecchie,po,tante,appartamenti,alloggi,venuti,ticino,case,può",2023-11-10,06:34:00
https://www.tio.ch/newsblog/ated/1711425/il-divertimento-e-in-scatola,it,Il divertimento è in scatola,"milano,ated,divertimento",2023-11-10,06:42:00
https://www.tio.ch/dal-mondo/cronaca/1711426/aver-donna-mangiato-botulino-pizza,it,"Donna morta dopo aver mangiato la pizza, non fu botulino","dopo aver mangiato,aver mangiato,aver,botulino,donna,mangiato,pizza,ipotesi,italia,mangiato pizza",2023-11-10,06:58:00
https://www.tio.ch/rubriche/mobilita/1710683/moonwalkers-km-rotelle-pattini-camminata-assistita,it,"Moonwalkers, i pattini elettrici per la camminata assistita","moonwalkers,km,pattini,camminata,assistita,rotelle,dotate,scarpe,calzano,passo",2023-11-10,07:12:00
https://www.tio.ch/svizzera/cronaca/1711435/pauroso-incidente-l-auto-distrutta-la-conducente-miracolosamente-salva,it,"Pauroso incidente: l'auto distrutta, la conducente miracolosamente salva","svizzera,incidente,argovia,carburante,spreitenbach",2023-11-10,07:47:00
https://www.tio.ch/rubriche/fashionchannel/1711438/la-wedding-planner-risponde-ai-lettori-i-biglietti-di-ringraziamento,it,"La wedding planner risponde ai lettori: “I biglietti di ringraziamento""","matrimonio,biglietto ringraziamento,wedding planner,sposi",2023-11-10,08:27:00
https://www.tio.ch/ticino/attualita/1711439/due-milioni-per-la-biodiversita,it,Due milioni per la biodiversità,"consiglio di stato,credito quadro,biodiversità",2023-11-10,08:52:00
https://www.tio.ch/svizzera/attualita/1711442/disabili-e-trasporti-pubblici-siamo-in-ritardo,it,Disabili e trasporti pubblici: siamo in ritardo,"svizzera,disabili,mezzi pubblici",2023-11-10,09:00:00
https://www.tio.ch/newsblog/verita-immobiliari/1711233/dyls-immobile-pacchetto-natale-vendita-regalo,it,REGALO di Natale in anticipo: un pacchetto DYLS speciale per illuminare la tua vendita immobiliare,"pacchetto dyls,dyls,immobile,vendita,natale,regalo,pacchetto,copywriter,video,annuncio",2023-11-10,09:00:00
https://www.tio.ch/svizzera/attualita/1711450/lavoro-suisse-solidar-rapporto-organizzazione-molestie-smartphone,it,Dietro lo smartphone cinese sfruttamento e molestie sessuali,"organizzazione,lavoro,rapporto,suisse,molestie,smartphone,molestie sessuali,solidar suisse,solidar,svizzera",2023-11-10,09:02:00
https://www.tio.ch/ticino/attualita/1710941/a-cena-coi-prezzi-di-mezzo-secolo-fa-guarda-il-video,it,"A cena coi prezzi di mezzo secolo fa, guarda il video","mezzo secolo,cena,prezzi,secolo,cittadella,franchi,secolo fa,mezzo secolo fa,settimana,locarno",2023-11-10,09:19:00
https://www.tio.ch/dal-mondo/cronaca/1711402/gaza-giorno-quattro-israele-casa,it,Israele ha «un tempo limitato» per agire a Gaza,"israele,gaza,quattro ore,netanyahu,ministro israeliano,primo,primo ministro israeliano,ministro,detto,primo ministro",2023-11-10,09:26:00
https://www.tio.ch/svizzera/attualita/1711465/assicurare-il-futuro-dell-economia-alpestre-nonostante-il-lupo,it,"«Assicurare il futuro dell'economia alpestre, nonostante il lupo»","legge caccia,lupo,alpeggi,grandi predatori,economia alpestre",2023-11-10,09:27:00
https://www.tio.ch/svizzera/attualita/1711454/da-questa-mattina-brian-e-libero-la-gente-non-deve-avere-paura-di-me,it,Da questa mattina Brian è libero: «La gente non deve avere paura di me»,"svizzera,brian,carlos",2023-11-10,09:27:00
https://www.tio.ch/people/people/1711430/la-casa-di-produzione-di-de-niro-accusata-di-discriminazione-e-ritorsione,it,La casa di produzione di De Niro accusata di discriminazione e ritorsione,"robert de niro,molestie,risarcimenti",2023-11-10,09:40:00
https://www.tio.ch/ticino/attualita/1711471/viabilita-scolastica-al-palasio-di-giubiasco-sicurezza-buona-problematiche-per-i-genitori-taxi,it,"Viabilità scolastica al Palasio di Giubiasco: sicurezza buona, problematiche per i “genitori-taxi”","svizzera,viabilità,ticino,palasio,giubiasco,bellinzona",2023-11-10,09:57:00
https://www.tio.ch/sport/calcio/1711484/europeo-madre-ce-successo-fretta-vita,it,"«Andremo all'Europeo. Mia madre? È successo in fretta, ma così è la vita»","europeo,madre,ce,successo,fretta,vita,yakin,qualificazione,novembre ore 20.45,ore 20.45",2023-11-10,10:00:00
https://www.tio.ch/sport/calcio/1711297/bianconeri-sforzo-league-challenge-presenteranno,it,Ancora uno sforzo per i bianconeri,"bianconeri,challenge league,league,cornaredo,challenge,lugano,zurigo,winterthur,presenteranno,classifica",2023-11-10,10:00:00
https://www.tio.ch/rubriche/ospite/1711483/skatepark-a-mendrisio-e-polveri-fini-ora-facciamo-chiarezza,it,Skatepark a Mendrisio e polveri fini: ora facciamo chiarezza,"mendrisio,skatepark",2023-11-10,10:02:00
https://www.tio.ch/economia/svizzera/1711479/la-consegna-tardiva-dei-giornali-va-discussa,it,«La consegna tardiva dei giornali va discussa»,"svizzera,la posta,licenziamenti,christian levrat,consegna giornali",2023-11-10,10:12:00
https://www.tio.ch/ticino/attualita/1711485/occhio-alle-truffe,it,Occhio alle truffe,"truffe,ticino,ponte capriasca",2023-11-10,10:13:00
https://www.tio.ch/dal-mondo/politica/1711494/sunak-sotto-pressione-siluri-la-ministra-braverman,it,Sunak sotto pressione: «Siluri la ministra Braverman»,"regno unito,suella braverman,rishi sunak",2023-11-10,10:31:00
https://www.tio.ch/economia/svizzera/1711495/curafutura-kpt-cassa-malati-sistema,it,KPT lascia curafutura,"malati,curafutura,kpt,cassa,sistema sanitario,atto,sistema,cassa malati,contenuto,prestazioni",2023-11-10,10:38:00
https://www.tio.ch/dal-mondo/attualita/1711493/hamas-attacco-agenzie-ottobre-foto-fotoreporter,it,Fotoreporter al fronte: «Conoscevano i piani di Hamas?»,"foto,attacco,agenzie,hamas,ottobre,fotoreporter,freelance,ong,honest,terroristi",2023-11-10,10:40:00
https://www.tio.ch/sport/hockey/1711500/hofmann-greg-nazionale-karjala-31enne,it,Si ferma Greg Hofmann,"hofmann,greg,greg hofmann,nazionale,karjala,31enne,karjala cup,cup,finlandia,gregory hofmann",2023-11-10,10:44:00
https://www.tio.ch/newsblog/over57-benessere-sociale/1711502/l-importanza-di-un-sonno-ristoratore-per-la-nostra-salute-non-puo-essere-sottovalutata,it,L'importanza di un sonno ristoratore per la nostra salute non può essere sottovalutata.,"salute,sonno,alcol,ticino,sanitas,malattie cardiache,caffeina,attività fisica,diabete",2023-11-10,10:57:00
https://www.tio.ch/ticino/attualita/1711432/martino-ticino-alpi-neve-estate-cantone,it,"L'Estate di San Martino in Ticino, neve nelle Alpi (e non solo)","ticino,alpi,martino,cantone,san martino,neve,estate,gradi,svizzera,attesi",2023-11-10,11:03:00
https://www.tio.ch/dal-mondo/cronaca/1711512/indizi-insufficienti-per-imputare-puigdemont,it,Indizi insufficienti per imputare Puigdemont,"spagna,carles puidgemont,tsunami democratic",2023-11-10,11:15:00
https://www.tio.ch/ticino/attualita/1711509/assegnato-il-premio-mulino-maroggia-del-lions-club-lugano-ceresio,it,Assegnato il premio “Mulino Maroggia” del Lions Club Lugano Ceresio,"ceresio,lions club,mulino maroggia",2023-11-10,11:17:00
https://www.tio.ch/dal-mondo/attualita/1711517/mail-gruppo-harry-principe-processo,it,Harry potrà portare il gruppo Mail a processo,"gruppo,principe,crociata,mail,processo,intrusioni,harry,privacy,tabloid britannici,tempo",2023-11-10,11:40:00
https://www.tio.ch/ticino/attualita/1711515/abbattimento-ticino-lupo-proattivo-chiede,it,"Abbattimento proattivo del lupo, c'è chi si mobilita: «E il Ticino cosa fa?»","ticino,proattivo,lupo,abbattimento,ticino cosa,abbattimento proattivo,chiede,interpellanza,genini,sem genini",2023-11-10,12:00:00
https://www.tio.ch/svizzera/attualita/1711520/cura-assistenza-case-lucro-scopo-svizzera-anziani,it,Assistenza e cura degli anziani sempre più private in Svizzera,"svizzera,lucro,anziani,assistenza,case,scopo,cura,anziani sempre,riposo,personale",2023-11-10,12:07:00
https://www.tio.ch/svizzera/cronaca/1711519/allarme-bomba-evacuato-il-tribunale-cantonale-di-zurigo,it,Allarme bomba: evacuato il tribunale cantonale di Zurigo,"allarme,zurigo,allarme bomba,evacuato,bomba,stato,tribunale cantonale,tribunale,polizia,arrestato",2023-11-10,12:11:00
https://www.tio.ch/ticino/attualita/1711523/associazione-monte-lema-amici-presidente,it,Il Monte Lema ha dei nuovi Amici,"monte lema,amici,lema,associazione,monte,presidente,ottobre,sera,miglieglia,signor",2023-11-10,12:29:00
https://www.tio.ch/svizzera/politica/1711526/giovani-queer-e-suicidi-situazione-da-approfondire,it,"Giovani queer e suicidi, «situazione da approfondire»","giovani queer,situazione,giovani,queer,csec-n,dati,petizione inoltrata durante,dato seguito,inoltrata,sessione",2023-11-10,12:43:00
https://www.tio.ch/economia/svizzera/1711529/pellet-prezzo-comunque-ucraina-guerra,it,Il prezzo del pellet si è stabilizzato ma rimane comunque alto,"svizzera,pellet,prezzo,comunque,ucraina,guerra,franchi,prezzo pellet,mercato,produzione",2023-11-10,12:44:00
https://www.tio.ch/svizzera/cronaca/1711528/auto-serpente-metri-pitone-zugo,it,Controllano l'auto e trovano un serpente di 2 metri e mezzo,"serpente,metri,auto,pitone,zugo,polistirolo,scatola,anni,agenti,scatola polistirolo",2023-11-10,13:03:00
https://www.tio.ch/ticino/cronaca/1711536/scontro-tra-un-auto-e-una-moto-a-magliaso,it,Scontro tra un'auto e una moto a Magliaso,"magliaso,incidente,pomeriggio,euro service,benzinaio euro,benzinaio euro service,benzinaio,via cantonale,pressi,avvenuto",2023-11-10,13:18:00
https://www.tio.ch/svizzera/attualita/1711525/telelavoro-dei-frontalieri-c-e-l-accordo-tra-roma-e-berna,it,Telelavoro dei frontalieri: c'è l'accordo tra Roma e Berna,"accordo,telelavoro,svizzera,berna,roma,frontalieri,status impositivo,status,keller-sutter,lavoratori",2023-11-10,13:20:00
https://www.tio.ch/svizzera/attualita/1711537/mettete-un-limite-ai-salari-dei-manager-lo-chiede-8-svizzeri-su-10,it,«Mettete un limite ai salari dei manager». Lo chiede 8 svizzeri su 10,"limite,manager,salari,stipendi,tetto,franchi,berna,sostenibilità,hcm,salari manager",2023-11-10,13:24:00
https://www.tio.ch/aziende-ticinesi-informano/1711459/lidl-colonnine-di-ricarica-a-pagamento-abbiamo-tenuto-duro,it,"Lidl, colonnine di ricarica a pagamento: «Abbiamo tenuto duro»","lidl,energia green,automobili elettriche,colonnine di ricarica",2023-11-10,13:25:00
https://www.tio.ch/agenda/spettacoli/1711545/show-disney-lugano-musical-princess,it,I più grandi successi Disney sbarcano a Lugano con un concerto,"lugano,show,disney,princess party show,princess,party,festa,princess party,party show,canzoni",2023-11-10,13:51:00
https://www.tio.ch/ticino/attualita/1711544/riforma-incontri-avs-due-novembre,it,Due incontri per scoprire la riforma AVS 21,"avs,riforma avs,due,avs 21,riforma avs 21,ias,due incontri,riforma,incontri,novembre",2023-11-10,13:52:00
https://www.tio.ch/sport/calcio/1711539/messi-prima-lo-bacio-e-poi-lo-prendo-a-calci,it,«Messi? Prima lo bacio e poi lo prendo a calci»,"calci,messi,francese,felipe melo,melo,felipe,janeiro,premio,calcio,pallone",2023-11-10,14:03:00
https://www.tio.ch/dal-mondo/cronaca/1711549/lettere-minatorie-in-cinque-uffici-elettorali,it,Lettere minatorie in cinque uffici elettorali,"uffici elettorali,uffici,lettere,cinque,fentanyl,stati,alcune,contenevano,fbi,migliaia",2023-11-10,14:04:00
https://www.tio.ch/ticino/attualita/1711556/i-cinquecentotrentacinque-giovani-alla-scoperta-di-un-orizzonte-professionale,it,I cinquecentotrentacinque giovani alla scoperta di un orizzonte professionale,"scoperta,cinquecentotrentacinque,giornata nuovo,giornata nuovo futuro,nuovo futuro,giornata,futuro,giovani,nuovo,progetti",2023-11-10,14:29:00
https://www.tio.ch/svizzera/attualita/1711564/caso-nzoy-pesanti-critiche-al-ministero-pubblico,it,"Caso Nzoy, pesanti critiche al Ministero pubblico","nzoy,caso nzoy,vaud,omicidio,stato,caso,ministero,ministero pubblico,agosto,37enne",2023-11-10,14:31:00
https://www.tio.ch/svizzera/attualita/1711496/paese-svizzera-inventori-mondo-ginevra,it,"Svizzera, terra di creativi e inventori: «Il Paese più innovativo al mondo nel 2023»","svizzera,inventori,paese,mondo,ginevra,proprietà intellettuale,organizzazione mondiale,sede,ompi,proprietà",2023-11-10,14:33:00
https://www.tio.ch/ticino/attualita/1711565/prima-pietra-della-nuova-scuola-dell-infanzia-ed-elementare-a-vernate,it,Prima pietra della nuova scuola dell’infanzia ed elementare a Vernate,"prima pietra,nuova scuola,vernate,pietra,infanzia,scuola,due,neggio,scuola elementare,progetto",2023-11-10,14:35:00
https://www.tio.ch/ticino/attualita/1711570/uscita-giornico-ccvp-segnaletica-svincolo-a2,it,"Svincolo A2 di Giornico, cambia la segnaletica","a2,ustra,uscita,ccvp,giornico,segnaletica,svincolo,riscontrati,disagi,corsia",2023-11-10,14:39:00
https://www.tio.ch/svizzera/politica/1711576/i-verdi-lanciano-gerhard-andrey-per-il-consiglio-federale,it,I Verdi lanciano Gerhard Andrey per il Consiglio federale,"verdi,candidatura,andrey,gerhard andrey,consiglio,consiglio federale,gerhard,federale,nazionale,gruppo",2023-11-10,14:42:00
https://www.tio.ch/ticino/attualita/1711571/irmgard-cariola-e-la-carica-dei-101,it,Irmgard Cariola e la carica dei 101,"irmgard,cariola,irmgard cariola,novembre,traguardo,locarno,signora,vita,anni,ultracentenaria",2023-11-10,14:47:00
https://www.tio.ch/svizzera/cronaca/1711581/abusava-della-figlia-condannato-a-15-anni-di-carcere,it,"Abusava della figlia, condannato a 15 anni di carcere","figlia,condannato,anni,abusi,descritto,giovane,vaud,corte,malato possessivo,uomo malato",2023-11-10,14:51:00
https://www.tio.ch/speciali/-iodomani/1711580/da-sempre-una-vera-passione-per-il-verde,it,Da sempre una vera passione per il verde,"swissskills,paesaggista,giardiniere,ulrich,campione,lavoro,matteo,matteo ulrich,giardiniere paesaggista,campionati",2023-11-10,14:54:00
https://www.tio.ch/svizzera/attualita/1711586/swiss-compagnia-terra-aumento-trattative-sev-gata-sindacati-salari-interrotte,it,"Swiss: sindacati, interrotte trattative salariali per il personale terra","sev-gata,compagnia aerea,compagnia,swiss,terra,salari,interrotte,aumento,trattative salariali,trattative",2023-11-10,15:11:00
https://www.tio.ch/people/people/1711592/jared-leto-ha-scalato-l-empire-state-building,it,Jared Leto ha scalato l'Empire State Building,"state,leto,jared,jared leto,building,empire state building,scalato,empire state,state building,band",2023-11-10,15:28:00
https://www.tio.ch/ticino/attualita/1711546/ci-saranno-un-bel-po-di-radar-nel-sottoceneri,it,Ci saranno un bel po' di radar nel Sottoceneri,"radar,sottoceneri,velocità,controlli,cantone,settimana,lista,strade,rilevamenti,bellinzona",2023-11-10,16:20:00
https://www.tio.ch/ticino/cronaca/1711609/massagno-gottardo-incidente-via-persona,it,Incidente in Via San Gottardo a Massagno,"via san gottardo,via san,massagno,via,incidente,san gottardo,gottardo,persona,stata soccorsa,verde lugano",2023-11-10,16:24:00
https://www.tio.ch/svizzera/cronaca/1711611/precipita-dal-balcone-e-muore-fermati-ancora-due-uomini,it,Precipita dal balcone e muore: fermati (ancora) due uomini,"due,uomini,fermati,due uomini,berna,settembre,omicidio,stati,polizia,donna",2023-11-10,16:36:00
https://www.tio.ch/svizzera/politica/1711616/roma-rispetti-il-trattato-di-dublino,it,«Roma rispetti il trattato di Dublino»,"roma rispetti,rispetti,roma,svizzera,dublino,governo,stati,italia,esecutivo,intervenire presso",2023-11-10,16:42:00
https://www.tio.ch/ticino/attualita/1711607/cinque-nuovi-defibrillatori-in-calanca,it,Cinque nuovi defibrillatori in Calanca,"nuovi defibrillatori,cinque nuovi defibrillatori,defibrillatori,cinque nuovi,calanca,cinque,ticino,collaborazione,fondazione,fondazione ticino",2023-11-10,16:47:00
https://www.tio.ch/ticino/attualita/1711619/stabile-di-via-lavizzari-cantiere-chiuso-a-causa-amianto,it,"Stabile di Via Lavizzari, cantiere chiuso a causa amianto","cantiere chiuso,via lavizzari,municipio,via,cantiere,amianto,lavizzari,inchiesta,bellinzona,deciso",2023-11-10,16:54:00
https://www.tio.ch/dal-mondo/cronaca/1711627/siria-forze-israele-attacco-aver-hezbollah-guerra-raid-allarga,it,"La guerra si allarga alla Siria, raid su Hezbollah","siria,israele,hezbollah,aver,forze,attacco,guerra,raid,allarga,preso",2023-11-10,17:11:00
https://www.tio.ch/svizzera/cronaca/1711633/allarme-bomba-al-tribunale-cantonale-fermato-un-44enne,it,Allarme bomba al tribunale cantonale: fermato un 44enne,"bomba,allarme bomba,tribunale cantonale,allarme,fermato,tribunale,zurigo,edificio,sicurezza,polizia",2023-11-10,17:28:00
https://www.tio.ch/svizzera/attualita/1711572/condannata-la-donna-ucraina-che-si-spacciava-per-dottoressa,it,Condannata la donna ucraina che si spacciava per dottoressa,"ufficio,sanità,dottoressa,donna,diploma,43enne,ucraina,federale,condannata,sanità pubblica",2023-11-10,17:30:00
https://www.tio.ch/svizzera/attualita/1711643/fust-ristrutturazione-nessun-azienda-portavoce,it,"Fust: «Ristrutturazione, ma senza licenziamenti»","fust,ristrutturazione,azienda,portavoce,nessun dipendente,nessun,dipendente,portavoce azienda,coop,annunciato",2023-11-10,17:47:00
https://www.tio.ch/sport/calcio/1711638/lione-marsiglia-olympique-bus-olimpique,it,"Il Lione deve giocare a Marsiglia, Grosso sgomento","lione,marsiglia,olympique,olympique lione,olympique marsiglia,bus,ligue1,invece nulla,deciso,stati",2023-11-10,18:07:00
https://www.tio.ch/ticino/attualita/1711647/solar-turbines-di-lavertezzo-a-rischio-30-posti-di-lavoro,it,"Solar Turbines di Lavertezzo, a rischio 30 posti di lavoro","turbines,solar turbines,lavertezzo,lavoro,tagli,posti,rischio,difficoltà finanziaria,repubblica,repubblica ceca",2023-11-10,18:23:00
https://www.tio.ch/svizzera/cronaca/1711440/due-lite-ittigen-caccia-mattina,it,"Violenta lite a Ittigen, morte due persone. È caccia all'uomo","berna,violenta lite,ittigen,lite,due,due persone,altra,ferita,coinvolta,rimasta",2023-11-10,19:37:00
https://www.tio.ch/sport/hockey/1711661/svizzera-svezia-hockey,it,Svezia troppo forte per la Svizzera,"svizzera,svezia,svezia svizzera,hockey femminile,svizzera hockey,rossocrociate,state,lena-marie,forsgren,hedqvist",2023-11-10,20:08:00
https://www.tio.ch/sport/calcio/1711652/league-challenge-bellinzona-wil,it,Bellinzona in piedi dopo l’inchino al Sion,"bellinzona,sion,league,punto,challenge league,challenge,wil,granata,risultato,sciaffusa",2023-11-10,20:25:00
https://www.tio.ch/sport/altri-sport/1711649/noe-ponti-ticinese-lugano,it,Il migliore di tutti è (ancora) Noè Ponti,"noè ponti,ponti,noé,ticinese,lugano,sportivo ticinese,miglior sportivo ticinese,22enne,nuotatore,eletto",2023-11-10,21:55:00
https://www.tio.ch/sport/calcio/1711651/serie-bologna-genoa-sassuolo-salernitana,it,"Colpo del Genoa, la Salernitana combatte","genoa,salernitana,serie,italia,verona,sassuolo,serie a,inzaghi,pippo,dragusin",2023-11-10,22:09:00
https://www.tio.ch/aziende-ticinesi-informano/1711480/la-scrittura-espressiva-una-terapia-efficace,it,La scrittura espressiva: una terapia efficace,parole,2023-11-11,05:01:00
https://www.tio.ch/sport/motori/1711603/leclerc-ferrari-rinnovo-ricco-difficile,it,Leclerc-Ferrari: rinnovo (ricco) difficile,"leclerc,ferrari,leclerc-ferrari,formula,questione,vuole,futuro,tempo,vuole capire,sperano",2023-11-11,07:00:00
https://www.tio.ch/agenda/biglietteria/1711172/al-lac-va-in-scena-una-sfida-tra-virtuosi,it,Al Lac va in scena una sfida tra virtuosi,"lugano,concerto,lac,luganomusica,martin helmchen,frank peter zimmermann",2023-11-11,07:00:00
https://www.tio.ch/svizzera/attualita/1711624/twint-qr,it,"«Pago con Twint», tutto quello che dovete sapere per evitare brutte sorprese","twint,online,evitare,svizzera,qualche,smartphone,fare,può,caso,qr code",2023-11-11,07:06:00
https://www.tio.ch/rubriche/mobilita/1710681/cinese-chery-little-ant-versione,it,"Little Ant, la piccola cinese da città","cinese,little,little ant,ant,chery,km,versione,city-car,base,versione base",2023-11-11,07:09:00
https://www.tio.ch/dal-mondo/attualita/1711695/islanda-eruzione-chilometri-cittadina-scosse,it,L'Islanda si prepara a una nuova possibile eruzione vulcanica,"possibile eruzione,possibile eruzione vulcanica,islanda,eruzione vulcanica,eruzione,scosse,chilometri,cittadina,forti scosse,zona",2023-11-11,07:28:00
https://www.tio.ch/dal-mondo/cronaca/1711685/israele,it,Macron chiede un cessate il fuoco mentre Israele avanza,"israele,gaza,hamas,macron,city,gaza city,state,case,ospedali gaza city,ospedali gaza",2023-11-11,07:36:00
https://www.tio.ch/dal-mondo/cronaca/1711697/hamas-striscia-gaza-oms-ogni-bambino-nessun-posto-minuti-ucciso,it,Un bambino ucciso ogni 10 minuti. «Nessuno è al sicuro in nessun posto»,"ucciso ogni,bambino,striscia,nessun,ogni,posto,nessun posto,minuti,ucciso,gaza",2023-11-11,07:36:00
https://www.tio.ch/sport/motori/1711696/martin-race-bagnaia-sprint-alex-marquez,it,"Sprint Race ad Alex Marquez, poi Martín e Bagnaia","sprint race,martin,race,alex,bagnaia,marquez,sprint,alex marquez,motomondiale,generale",2023-11-11,07:39:00
https://www.tio.ch/svizzera/cronaca/1711698/perde-le-finestre-lungo-la-strada,it,Perde le finestre lungo la strada,"strada,finestre,carico,chili,rothenbrunnen,tomils,coira,incidente,denunciato,circa chili",2023-11-11,07:49:00
https://www.tio.ch/svizzera/politica/1711699/federale-consiglio-udc-partiti-tre-centro-elezione-riuniscono,it,Tre partiti si riuniscono oggi per discutere dell'elezione al Consiglio federale,"centro,elezione,udc,partiti,verdi liberali,consiglio,tre,consiglio federale,riuniscono,tre partiti",2023-11-11,07:59:00
https://www.tio.ch/sport/altri-sport/1711701/discesa-zermatt-cervinia-sicurezza,it,Zermatt/Cervinia: annullata la prima discesa,"discesa,zermatt,cervinia,sicurezza,zermatt cervinia",2023-11-11,08:00:00
https://www.tio.ch/rubriche/fashionchannel/1711481/hoops-decolla-con-nuage,it,HOOPS decolla con “NUAGE”,"ottanio,eleganza,orologio,hoops",2023-11-11,08:00:00
https://www.tio.ch/svizzera/cronaca/1711710/invece-del-pacco-da-wish-riceve-a-casa-un-decreto-d-accusa,it,"Invece del pacco da Wish, riceve a casa un decreto d'accusa","wish,decreto,accusa,casa,basilea,svizzera,arma,arma vietata,campagna,vietata",2023-11-11,09:15:00
https://www.tio.ch/svizzera/politica/1711714/federale-dreifuss-ong-finanziamenti-sospensione-ruth,it,Ruth Dreifuss critica la sospensione dei finanziamenti a Ong palestinesi e israeliane,"federale,ruth,ong palestinesi,dreifuss,sospensione,ruth dreifuss,finanziamenti,ong,decisione,am",2023-11-11,09:19:00
https://www.tio.ch/sport/altri-sport/1711712/levi,it,Podio (già) quasi assegnato a Levi,"levi,dürr,shiffrin,centesimi,vlhova,petra vlhova,stata,katharina,camille rast,camille",2023-11-11,09:57:00
https://www.tio.ch/svizzera/cronaca/1711719/affoga-in-un-laghetto-soccorso-muore-poco-dopo,it,"Affoga in un laghetto. Soccorso, muore poco dopo","poco dopo,laghetto,berna,soccorso,canton,residente,canton berna,giovedì,avvenuto,deceduto",2023-11-11,10:01:00
