loc,title,image_loc,language,date,time
https://www.20min.ch/fr/story/ankara-pour-erdogan-netanyahu-nest-plus-quelquun-avec-qui-on-peut-parler-447221846616,"Pour Erdogan, Netanyahu n’est plus quelqu’un à qui on peut parler","https://cdn.unitycms.io/images/D5jSZ4OTaN3A0vbnehxsRZ.jpg?op=ocroped&val=1200,1200,1000,1000,0,0&sum=_ycJ7I8rpdA",fr,2023-11-04,12:04:50
https://www.20min.ch/fr/story/bangladesh-affrontements-entre-police-et-ouvriers-du-textile-en-greve-927245450453,Bangladesh: Affrontements entre police et ouvriers du textile,"https://cdn.unitycms.io/images/7JArdReD4yi9W8OHFt2hLo.jpg?op=ocroped&val=1200,1200,1000,1000,0,0&sum=GXzybh2rYUs",fr,2023-11-04,12:29:26
https://www.20min.ch/fr/story/russell-brand-vise-par-une-plainte-pour-agression-sexuelle-125749783099,Russell Brand visé par une plainte pour agression sexuelle,"https://cdn.unitycms.io/images/8fVF4YCkaa6BI8MZM-1mDJ.jpg?op=ocroped&val=1200,1200,1000,1000,0,0&sum=hqUEC9hC6I8",fr,2023-11-04,12:41:30
https://www.20min.ch/fr/story/une-procedure-deuthanasie-lancee-en-suisse-a-l-insu-du-malade-233263978775,Une procédure d’euthanasie lancée en Suisse à l'insu du malade,"https://cdn.unitycms.io/images/90mHtd7iKHu9LuKISZ7xva.jpg?op=ocroped&val=1200,1200,1000,1000,0,0&sum=ffQMLZbVkMA",fr,2023-11-04,12:41:53
https://www.20min.ch/fr/story/un-conseiller-de-giorgia-meloni-demissionne-apres-un-canular-141838352235,Un conseiller de Giorgia Meloni démissionne après un canular,"https://cdn.unitycms.io/images/AX_8yIcXabtBZuGbYMx5uv.jpg?op=ocroped&val=1200,1200,1000,1000,0,0&sum=fuJB6U1s1l0",fr,2023-11-04,13:14:09
https://www.20min.ch/fr/story/hockey-sur-glace-violences-apres-le-derby-zurichois-259599549198,Hockey sur glace: Violences urbaines après le derby zurichois ,https://cdn.unitycms.io/images/5kT_aEteq8i9RaC12jN1b7.gif,fr,2023-11-04,13:42:46
https://www.20min.ch/fr/story/geneve-manifestation-sauvage-pro-palestine-a-plainpalais-895204331913,Genève: Manifestation sauvage pro-Palestine à Plainpalais ,"https://cdn.unitycms.io/images/EPoRIG6S43a8ao-RJcJUXW.jpg?op=ocroped&val=1200,1200,987,572,396,0&sum=CW60o4BiKUI",fr,2023-11-04,13:48:43
https://www.20min.ch/fr/story/les-modeles-de-manteaux-tendance-pour-l-hiver-556801627307,Les vêtements tendance pour l'hiver,"https://cdn.unitycms.io/images/2IFbKmeJKPO9oUn0RvWQuk.jpg?op=ocroped&val=1200,1200,1000,549,239,0&sum=BytETalL7lw",fr,2023-11-04,14:00:00
https://www.20min.ch/fr/story/omnisports-les-gay-games-souvrent-a-hong-kong-874528710583,Omnisports: Les Gay Games s’ouvrent à Hong Kong,"https://cdn.unitycms.io/images/2l2IDlyeaTC97gsRbuEd3D.jpg?op=ocroped&val=1200,1200,1000,1000,0,0&sum=SxlynIBXGts",fr,2023-11-04,14:02:57
https://www.20min.ch/fr/story/friends-matthew-perry-a-ete-enterre-dans-lintimite-a-los-angeles-781192526434,«Friends»: Matthew Perry a été enterré dans l’intimité,"https://cdn.unitycms.io/images/AO7hvl8i48LAmA-Q-R18Wk.jpg?op=ocroped&val=1200,1200,1000,1000,0,0&sum=2ygbcNy8iDc",fr,2023-11-04,14:14:28
https://www.20min.ch/fr/story/iles-canaries-quatre-morts-lors-dune-nouvelle-arrivee-massive-de-migrants-292955379282,Canaries: Quatre morts lors d’une arrivée massive de migrants,"https://cdn.unitycms.io/images/9QZaTckUqanBHu8O8upaAK.jpg?op=ocroped&val=1200,1200,1000,1000,0,0&sum=P4bk-clwmnQ",fr,2023-11-04,14:52:01
https://www.20min.ch/fr/story/geneve-heurt-entre-un-deux-roues-et-une-voiture-deux-blesses-103223653166,Genève: accident entre un deux-roues et une voiture: deux blessés,"https://cdn.unitycms.io/images/BPOoZlW_abw8pTYEwd3Ndz.jpg?op=ocroped&val=1200,1200,665,561,439,173&sum=ABpviQFoW40",fr,2023-11-04,14:53:51
https://www.20min.ch/fr/story/jason-priestley-heros-inattendu-dun-telefilm-policier-francais-604135006584,"Jason Priestley, héros inattendu d’un téléfilm policier français","https://cdn.unitycms.io/images/DqjQhFaFaj98tYoWfluzYk.jpg?op=ocroped&val=1200,1200,1000,1000,0,0&sum=_SosW-LyY4I",fr,2023-11-04,14:54:56
https://www.20min.ch/fr/story/football-le-lausanne-sport-defie-le-fc-bale-a-la-tuiliere-285231718928,Football: Le LS s'impose facilement et enfonce toujours plus le FC Bâle en Super League,"https://cdn.unitycms.io/images/CJABqjL04c-9g7pkqqwBKa.jpg?op=ocroped&val=1200,1200,1000,1000,0,0&sum=X6vDgPmoRPg",fr,2023-11-04,15:31:58
https://www.20min.ch/fr/story/un-enfant-de-5-ans-retrouve-grievement-blesse-dans-la-rue-632145474682,Un enfant de 5 ans retrouvé grièvement blessé dans la rue,"https://cdn.unitycms.io/images/6YWYGCb-4ZNBGsUG4Gabqo.jpg?op=ocroped&val=1200,1200,1000,1000,0,0&sum=PkumdtQOQHk",fr,2023-11-04,15:40:47
https://www.20min.ch/fr/story/elections-federales-les-candidats-d-origine-etrangere-boycottes-603430717955,Elections fédérales: les candidats d'origine étrangère boycottés,"https://cdn.unitycms.io/images/EM7l39sIKMa8KSZwfsG01o.jpg?op=ocroped&val=1200,1200,1000,1000,0,0&sum=FGlYYXwMF6Y",fr,2023-11-04,15:45:01
https://www.20min.ch/fr/story/ukraine-pour-volodymyr-zelensky-la-guerre-nest-pas-dans-une-impasse-583802700916,"Ukraine: Pour Zelensky, la guerre n’est pas dans une «impasse»","https://cdn.unitycms.io/images/1X7X-Pri47AAHkDupy-p1I.jpg?op=ocroped&val=1200,1200,1000,1000,0,0&sum=p1SAplKmrgI",fr,2023-11-04,16:06:11
https://www.20min.ch/fr/story/la-gssa-lance-une-initiative-contre-le-rearmement-nucleaire-124406133330,La GSsA lance une initiative contre le réarmement nucléaire,"https://cdn.unitycms.io/images/0gLaphjAaOJ8Skpc5Fw-WJ.jpg?op=ocroped&val=1200,1200,1000,1000,0,0&sum=XcB64HGhNkc",fr,2023-11-04,16:13:48
https://www.20min.ch/fr/story/football-les-m18-d-arsenal-se-trompent-de-ville-leur-match-est-reporte-450716110749,"Football: Les M18 d'Arsenal se trompent de ville, leur match est reporté","https://cdn.unitycms.io/images/CFsZGd8paRZ9p936WiMkRM.jpg?op=ocroped&val=1200,1200,1000,1000,0,0&sum=09NGnIcgatU",fr,2023-11-04,16:45:32
https://www.20min.ch/fr/story/gaza-je-veux-quils-me-rattachent-mes-jambes-ils-peuvent-le-faire-892296634017,"Dans un hôpital de Gaza, le drame des enfants amputés","https://cdn.unitycms.io/images/1BdYy_uR48zAwTfFay3ofh.jpg?op=ocroped&val=1200,1200,1000,1000,0,0&sum=ALDYUL4iJp4",fr,2023-11-04,17:00:56
https://www.20min.ch/fr/story/football-le-real-madrid-dement-toute-negociation-avec-kylian-mbappe-918481833910,Football: Le Real Madrid dément toute négociation avec Kylian Mbappé,"https://cdn.unitycms.io/images/8_fJD-Md44EB21YOjz9RNR.jpg?op=ocroped&val=1200,1200,1000,1000,0,0&sum=GeInv8CXTdE",fr,2023-11-04,17:19:26
https://www.20min.ch/fr/story/geneve-la-future-bibliotheque-n-accueillira-pas-tous-les-livres-470781226395,Genève: La future bibliothèque n'accueillira pas tous les livres,"https://cdn.unitycms.io/images/E-Q5W5amKgQ9nDeRihaXfp.jpg?op=ocroped&val=1200,1200,1000,1000,0,0&sum=As-xa1DLliU",fr,2023-11-04,17:29:43
https://www.20min.ch/fr/story/gaza-antony-blinken-prone-des-pauses-humanitaires-sans-cessez-le-feu-754743119528,Gaza: Washington prône des pauses humanitaires,"https://cdn.unitycms.io/images/28hV-xiiaK-Bk1yPHSIMpy.jpg?op=ocroped&val=1200,1200,1000,1000,0,0&sum=VdZ6SYZfmEI",fr,2023-11-04,17:58:31
https://www.20min.ch/fr/story/football-le-lausanne-sport-avait-tres-envie-de-se-faire-pardonner-702913264296,Football: Le Lausanne-Sport avait très envie de se faire pardonner,"https://cdn.unitycms.io/images/8c3sqeANKY79UAgZqkJWuZ.jpg?op=ocroped&val=1200,1200,1000,1000,0,0&sum=Dn-auFUHwUQ",fr,2023-11-04,19:02:25
https://www.20min.ch/fr/story/football-lausanne-sport-recoit-une-nouvelle-fois-le-fc-lugano-877130015654,Football: Lausanne-Sport reçoit une nouvelle fois le FC Lugano,"https://cdn.unitycms.io/images/2DV5bq-4aEQA1Xdf-Qdi2l.jpg?op=ocroped&val=1200,1200,1000,1000,0,0&sum=6vUreeoTULQ",fr,2023-11-04,19:04:58
https://www.20min.ch/fr/story/football-supporter-paris-n-a-plus-de-prix-260218421775,Football: Supporter Paris n'a plus de prix,"https://cdn.unitycms.io/images/0vYA6MktajH8KtwliDf0UD.jpg?op=ocroped&val=1200,1200,1000,1000,0,0&sum=jfBMjYPivvg",fr,2023-11-04,19:08:43
https://www.20min.ch/fr/story/lyon-f-femme-poignardee-la-police-necarte-pas-un-mobile-antisemite-321884834962,"Lyon (F): Femme poignardée, le mobile antisémite n'est pas écarté","https://cdn.unitycms.io/images/51frLUOFKKeA17-ZK1PKrw.jpg?op=ocroped&val=1200,1200,1000,1000,0,0&sum=0ecGv6yokhU",fr,2023-11-04,19:35:32
https://www.20min.ch/fr/story/formule-1-max-verstappen-remporte-facilement-le-sprint-au-bresil-852008349283,Formule 1: Max Verstappen remporte facilement le sprint au Brésil,"https://cdn.unitycms.io/images/40i6Z_v-qJ19JHa6x8oYEM.jpg?op=ocroped&val=1200,1200,1000,1000,0,0&sum=WyNKV1vdWeM",fr,2023-11-04,19:37:52
https://www.20min.ch/fr/story/basketball-le-derby-lemanique-pour-les-lions-de-geneve-et-vevey-137101029784,Basketball: Le derby lémanique pour les Lions de Genève et… Vevey,"https://cdn.unitycms.io/images/6Yqe3Hu4KIgAQHtqRn7CYv.jpg?op=ocroped&val=1200,1200,1000,1000,0,0&sum=cCaoEZEZnbE",fr,2023-11-04,19:38:13
https://www.20min.ch/fr/story/football-arsenal-perd-son-invincibilite-akanji-buteur-sans-faire-expres-308537691391,"Football: Arsenal perd son invincibilité, Akanji buteur sans faire exprès","https://cdn.unitycms.io/images/8Eqkw5hHKR7AE2wW-EYZoT.jpg?op=ocroped&val=1200,1200,1000,1000,0,0&sum=ETP-KK3nVsw",fr,2023-11-04,19:48:42
https://www.20min.ch/fr/story/tennis-djokovic-rejoint-dimitrov-en-finale-du-masters-1000-de-paris-121647455886,Tennis: Djokovic rejoint Dimitrov en finale du Masters 1000 de Paris,"https://cdn.unitycms.io/images/4ZxZC_B54dNBcl793Xser1.jpg?op=ocroped&val=1200,1200,1000,1000,0,0&sum=SiGJlnUYdeM",fr,2023-11-04,20:07:32
https://www.20min.ch/fr/story/cuba-a-halloween-un-deguisement-dhitler-a-fait-scandale-587447758174,"À Cuba, un déguisement d’Hitler a fait scandale pour Halloween","https://cdn.unitycms.io/images/FVMU1mes4B8B1Dx-79C5rQ.jpg?op=ocroped&val=1200,1200,1000,1000,0,0&sum=GPlI9-ydl1M",fr,2023-11-04,20:16:48
https://www.20min.ch/fr/story/football-grace-a-kane-le-bayern-suit-le-rythme-infernal-de-leverkusen-245099800429,"Football: Grâce à Kane, le Bayern suit le rythme infernal de  Leverkusen","https://cdn.unitycms.io/images/7YhpsyZgaJ6AVOn1PPl8no.jpg?op=ocroped&val=1200,1200,1000,1000,0,0&sum=ntpftekBLpg",fr,2023-11-04,20:25:53
https://www.20min.ch/fr/story/un-grain-de-lasteroide-bennu-expose-dans-un-musee-americain-507096168948,Un grain de l’astéroïde Bennu exposé dans un musée américain,"https://cdn.unitycms.io/images/6VVpQL1CqwZ9jGanBFMebi.jpg?op=ocroped&val=1200,1200,1000,1000,0,0&sum=ihMQdMhrvxI",fr,2023-11-04,20:55:42
https://www.20min.ch/fr/story/lavion-du-president-sert-a-rapatrier-des-tresors-archeologiques-841633671292,L’avion du président sert à rapatrier des trésors archéologiques,"https://cdn.unitycms.io/images/1bW4zZRba3089hycCF1Q_O.jpg?op=ocroped&val=1200,1200,1000,1000,0,0&sum=vmJNenv3cqU",fr,2023-11-04,20:56:13
https://www.20min.ch/fr/story/hockey-sur-glace-le-hc-bienne-met-fin-a-une-trop-longue-disette-789452476171,Hockey sur glace: Le HC Bienne met fin à une trop longue disette,"https://cdn.unitycms.io/images/CD_nys7K40hBaCIXYf0em0.jpg?op=ocroped&val=1200,1200,1000,1000,0,0&sum=ZzOmpGqv-xw",fr,2023-11-04,20:58:03
https://www.20min.ch/fr/story/etats-unis-milliers-de-personnes-a-washington-pour-un-cessez-le-feu-a-gaza-869509833314,Milliers de personnes à Washington pour un cessez-le-feu à Gaza,"https://cdn.unitycms.io/images/C864xtZeay9BXEwpg1FIRw.jpg?op=ocroped&val=1200,1200,1000,1000,0,0&sum=ApFjdQfe0nE",fr,2023-11-04,21:00:19
https://www.20min.ch/fr/story/hockey-sur-glace-rapperswil-nest-pas-parvenu-a-briser-lelan-d-ajoie-328849018885,Hockey sur glace: Rapperswil n’est pas parvenu à briser l’élan d'Ajoie,"https://cdn.unitycms.io/images/0PihTD9U4Vk8jtN6uLNSlv.jpg?op=ocroped&val=1200,1200,1000,1000,0,0&sum=zmXfIC50_IA",fr,2023-11-04,21:18:46
https://www.20min.ch/fr/story/hockey-sur-glace-duel-de-lions-entre-lausanne-et-zurich-721668077009,Hockey sur glace: Lausanne s'impose aux tirs au but à Zurich,"https://cdn.unitycms.io/images/0j4Itgd7KrHBkarE8gB_w0.jpg?op=ocroped&val=1200,1200,1000,1000,0,0&sum=FaYiWvOSkMg",fr,2023-11-04,21:23:18
https://www.20min.ch/fr/story/football-un-grand-servette-fait-tomber-zurich-au-letzigrund-141339591170,Football: Un grand Servette fait tomber Zurich au Letzigrund,"https://cdn.unitycms.io/images/57klKu8dK-R8Jl90E3fTdg.jpg?op=ocroped&val=1200,1200,1000,1000,0,0&sum=BDhlRGI5EIg",fr,2023-11-04,21:25:04
https://www.20min.ch/fr/story/hockey-sur-glace-la-prolongation-de-berra-a-fribourg-gachee-par-langnau-470614830203,Hockey sur glace: La prolongation de Berra à Fribourg gâchée par Langnau,"https://cdn.unitycms.io/images/884QaSRDKZ2BH_S3dFAJNe.jpg?op=ocroped&val=1200,1200,1000,1000,0,0&sum=Hy8e7D212Ig",fr,2023-11-04,21:44:53
https://www.20min.ch/fr/story/hockey-sur-glace-grosse-victoire-pour-lausanne-avant-la-pause-867041227335,Hockey sur glace: Grosse victoire pour Lausanne avant la pause,"https://cdn.unitycms.io/images/E3d6u8flaP28G16FzLdagK.jpg?op=ocroped&val=1200,1200,1000,1000,0,0&sum=5316hT43gLM",fr,2023-11-04,21:48:29
https://www.20min.ch/fr/story/hockey-sur-glace-ge-servette-concede-une-defaite-rageante-120962628473,Hockey sur glace: GE Servette concède une défaite rageante,"https://cdn.unitycms.io/images/0lOA1Nz8KPLAlylIInViAn.jpg?op=ocroped&val=1200,1200,1000,1000,0,0&sum=r3jezW6roAw",fr,2023-11-04,21:54:09
https://www.20min.ch/fr/story/hockey-sur-glace-la-chaux-de-fonds-sincline-et-perd-sa-place-de-dauphin-827003595177,Hockey sur glace: La Chaux-de-Fonds s’incline et perd sa place de dauphin,"https://cdn.unitycms.io/images/Ahr_ViBKKYeBbsm86I_zlD.jpg?op=ocroped&val=1200,1200,1000,1000,0,0&sum=wPPYuw97dMw",fr,2023-11-04,21:59:46
https://www.20min.ch/fr/story/football-l-inter-conforte-sa-place-de-leader-naples-fond-sur-milan-962143710665,"Football: L'Inter conforte sa place de leader, Naples fond sur Milan","https://cdn.unitycms.io/images/8Kn5rx6DqdFB-AafqgW1Ij.jpg?op=ocroped&val=1200,1200,1000,1000,0,0&sum=EmU1oFfT1Ao",fr,2023-11-04,22:14:22
https://www.20min.ch/fr/story/football-sans-inspiration-marseille-et-lens-stagnent-en-ligue-1-632666321254,"Football: Sans inspiration, Marseille et Lens stagnent en Ligue 1","https://cdn.unitycms.io/images/DOk-gFaaK7-A6bfagFjXH0.jpg?op=ocroped&val=1200,1200,1000,1000,0,0&sum=IozQsYE95w4",fr,2023-11-04,22:20:57
https://www.20min.ch/fr/story/football-le-barca-braque-la-real-sociedad-dans-le-temps-additionnel-908954119964,Football: Le Barça braque la Real Sociedad dans le temps additionnel,"https://cdn.unitycms.io/images/EoS-XTYAaqABhVAIG7Copf.jpg?op=ocroped&val=1200,1200,1000,1000,0,0&sum=gKvm3FAwOKA",fr,2023-11-04,22:33:48
https://www.20min.ch/fr/story/climat-pertes-et-dommages-un-cap-decisif-franchi-avant-la-cop28-779361531875,Climat: «Pertes et dommages»: un cap décisif franchi avant la COP28,"https://cdn.unitycms.io/images/1N1b0qG9aoI9J8_jX2nsQj.jpg?op=ocroped&val=1200,1200,1000,1000,0,0&sum=w1MV9zxQ1Ro",fr,2023-11-04,23:05:03
https://www.20min.ch/fr/story/allemagne-trafic-interrompu-a-laeroport-de-hambourg-799077403539,Allemagne: Trafic interrompu à l’aéroport de Hambourg,"https://cdn.unitycms.io/images/AwcwUUPW4TpBeDJKnpXCyF.jpg?op=ocroped&val=1200,1200,1000,1000,0,0&sum=0aPyuVWA6YA",fr,2023-11-05,01:30:57
https://www.20min.ch/fr/story/coree-du-nord-un-jour-ferie-pour-marquer-le-tir-dun-missile-intercontinental-623629831704,Corée du Nord: Un jour férié pour marquer le tir d’un missile intercontinental,"https://cdn.unitycms.io/images/3yHfKkDtqyqAC49HdKUy7a.jpg?op=ocroped&val=1200,1200,1000,1000,0,0&sum=20UjKoi2NuU",fr,2023-11-05,03:04:52
https://www.20min.ch/fr/story/guerre-israel-hamas-combats-acharnes-a-gaza-et-frappe-sur-un-camp-de-refugies-375262904821,Guerre Israël-Hamas: Combats acharnés à Gaza et frappe sur un camp de réfugiés,"https://cdn.unitycms.io/images/Eoc8bV8Aa7n9Nu4BFxXVLh.jpg?op=ocroped&val=1200,1200,1000,1000,0,0&sum=fW6QCDL6UC8",fr,2023-11-05,04:11:04
https://www.20min.ch/fr/story/donald-trump-gonfle-a-bloc-pour-temoigner-a-son-proces-civil-331855679943,Donald Trump «gonflé à bloc» pour témoigner à son procès civil,"https://cdn.unitycms.io/images/1LSlL1fg4aiBqZzbcGOwYw.jpg?op=ocroped&val=1200,1200,1000,1000,0,0&sum=02qCugyavN0",fr,2023-11-05,06:03:05
https://www.20min.ch/fr/story/laeroport-de-hambourg-toujours-bloque-par-une-prise-dotage-543124642136,"Aéroport de Hambourg: Fin de la prise d'otage, le père s'est rendu","https://cdn.unitycms.io/images/5tIg2wl2KO08Wc-GvV7W1k.jpg?op=ocroped&val=1200,1200,1000,1000,0,0&sum=mdhtUv0rFM0",fr,2023-11-05,06:39:35
https://www.20min.ch/fr/story/bannie-par-les-talibans-la-production-dopium-sest-effondree-de-95-en-afghanistan-774154895996,La production d’opium s’est effondrée de 95% en Afghanistan ,"https://cdn.unitycms.io/images/2XanLoMWahi85EMjWEmcr4.jpg?op=ocroped&val=1200,1200,1000,1000,0,0&sum=3w7xL60ZBSs",fr,2023-11-05,06:48:27
https://www.20min.ch/fr/story/kourtney-kardashian-et-travis-barker-seraient-parents-825193174005,Kourtney Kardashian et Travis Barker seraient parents,"https://cdn.unitycms.io/images/EzV5OSQyqEqA2eUD-vGFtR.png?op=ocroped&val=1200,1200,1000,1000,0,0&sum=A3IY2QpGlso",fr,2023-11-05,07:03:35
https://www.20min.ch/fr/story/hockey-sur-glace-filmer-les-matches-par-drone-une-idee-a-creuser-359016076584,Hockey sur glace: Filmer les matches par drone: une idée à creuser,"https://cdn.unitycms.io/images/4TJC2FtKabN8s0pzqAZ3yg.png?op=ocroped&val=1200,1200,1000,1000,0,0&sum=vJTiJxKH98c",fr,2023-11-05,07:05:49
https://www.20min.ch/fr/story/football-fluminense-remporte-sa-premiere-copa-libertadores-477108338972,Football: Fluminense remporte sa première Copa Libertadores,"https://cdn.unitycms.io/images/2TikKx8O4ao873q1qqqVTy.jpg?op=ocroped&val=1200,1200,1000,1000,0,0&sum=NCkVAvsRXI4",fr,2023-11-05,07:08:21
https://www.20min.ch/fr/story/edouard-philippe-lex-premier-ministre-accuse-des-partis-de-decapsuler-lantisemitisme-199142842010,France: Edouard Philippe accuse des partis de «décapsuler» l’antisémitisme,"https://cdn.unitycms.io/images/3qwx2q3IqFu86aPYcAEkNR.jpg?op=ocroped&val=1200,1200,1000,1000,0,0&sum=-LA3EDhBXT8",fr,2023-11-05,07:49:17
https://www.20min.ch/fr/story/armes-nucleaires-la-russie-teste-avec-succes-un-missile-balistique-intercontinental-233040126740,Moscou teste avec succès un missile balistique intercontinental ,"https://cdn.unitycms.io/images/Cad2ajbrKBEA5woqYvTq6O.jpg?op=ocroped&val=1200,1200,1000,1000,0,0&sum=5Mmy96tEPOs",fr,2023-11-05,08:06:43
https://www.20min.ch/fr/story/nhl-kurashev-et-niederreiter-etaient-en-feu-312177239936,NHL: Kurashev et Niederreiter étaient en feu,"https://cdn.unitycms.io/images/ETh6b1F3aS1A83M9szew1V.jpg?op=ocroped&val=1200,1200,1000,1000,0,0&sum=ClxWlU4C9cg",fr,2023-11-05,08:11:05
https://www.20min.ch/fr/story/football-arteta-crie-au-scandale-apres-newcastle-arsenal-824337347034,Football: Arteta crie au scandale après Newcastle – Arsenal,"https://cdn.unitycms.io/images/5oILM8WiKyTAAOSa30Gp_d.jpg?op=ocroped&val=1200,1200,1000,1000,0,0&sum=opCw0-eWHr0",fr,2023-11-05,08:43:07
https://www.20min.ch/fr/story/nba-clint-capela-et-les-hawks-renversent-les-pelicans-127630672989,NBA: Clint Capela et les Hawks renversent les Pelicans,"https://cdn.unitycms.io/images/8A2z0DD3q6AAZCy1SLpPt5.jpg?op=ocroped&val=1200,1200,1000,1000,0,0&sum=MLBt8jbUVq4",fr,2023-11-05,08:51:10
https://www.20min.ch/fr/story/de-belles-voix-et-de-lemotion-lors-du-prime-de-la-star-academy-560618539936,De belles voix et de l’émotion lors du prime de la Star Academy,"https://cdn.unitycms.io/images/0JdqUEqYK3tBupFkPzG9A9.png?op=ocroped&val=1200,1200,1000,1000,0,0&sum=dAVwkRmY98E",fr,2023-11-05,08:56:55
https://www.20min.ch/fr/story/football-gerone-ce-surprenant-leader-de-liga-qui-cartonne-104168886518,"Football: Gérone, ce surprenant leader de Liga qui cartonne","https://cdn.unitycms.io/images/7BPCz8Xxq9y9CzGyfFOgL2.jpg?op=ocroped&val=1200,1200,1000,1000,0,0&sum=S9Fz9-fIixM",fr,2023-11-05,08:58:48
https://www.20min.ch/fr/story/iles-desertes-classement-des-lieux-les-moins-touristiques-du-monde-142700922172,Îles désertes: Classement des lieux les moins touristiques du monde,"https://cdn.unitycms.io/images/CS9BwgCQq8c9yjnWwVDt40.jpg?op=ocroped&val=1200,1200,1000,1000,0,0&sum=l91z3q6Sj6I",fr,2023-11-05,09:00:00
https://www.20min.ch/fr/story/israel-un-ministre-evoque-loption-de-la-bombe-nucleaire-il-est-suspendu-438084255974,Israël: un ministre évoque une bombe nucléaire sur Gaza,"https://cdn.unitycms.io/images/0sKRcNqsqEW89i0UEbFgi7.jpg?op=ocroped&val=1200,1200,1000,1000,0,0&sum=uEjD7B_GJJo",fr,2023-11-05,09:17:02
https://www.20min.ch/fr/story/colombie-enlevement-du-pere-de-diaz-leln-admet-une-erreur-581529007642,Colombie: Enlèvement du père de Diaz: l’ELN admet une «erreur»,"https://cdn.unitycms.io/images/AIXwga1yaUmAKNMVNsDR_4.jpg?op=ocroped&val=1200,1200,1000,1000,0,0&sum=8S65JHHapDs",fr,2023-11-05,09:26:40
https://www.20min.ch/fr/story/automobilisme-sebastien-buemi-conserve-sa-couronne-mondiale-754234808559,Automobilisme: Sébastien Buemi conserve sa couronne mondiale,"https://cdn.unitycms.io/images/67MH83_EqccAmrXXB3J1l4.jpg?op=ocroped&val=1200,1200,1000,1000,0,0&sum=fh71U43-vPg",fr,2023-11-05,09:32:52
https://www.20min.ch/fr/story/conflit-israel-hamas-larmee-israelienne-progresse-a-gaza-dans-des-combats-acharnes-974348104599,L’armée israélienne progresse à Gaza dans des combats acharnés ,"https://cdn.unitycms.io/images/1icgjGR3Kkr9x-kotk3Rdm.jpg?op=ocroped&val=1200,1200,1000,1000,0,0&sum=POLL5WiCqTE",fr,2023-11-05,10:02:15
https://www.20min.ch/fr/story/waackxxxy-remporte-la-finale-du-red-bull-dance-your-style-221902805469,Waackxxxy remporte la finale du Red Bull Dance Your Style,"https://cdn.unitycms.io/images/Bi8tyI0WawJB6alFlUsSMD.png?op=ocroped&val=1200,1200,1000,1000,0,0&sum=EAlVCFKxE3U",fr,2023-11-05,10:13:00
https://www.20min.ch/fr/story/les-centrales-nucleaires-pourraient-fonctionner-jusquen-2060-859103498046,Les centrales nucléaires pourraient fonctionner jusqu’en 2060,"https://cdn.unitycms.io/images/ArL_NYkBaE2ALgRE8yvsvh.jpg?op=ocroped&val=1200,1200,1000,1000,0,0&sum=jqGQmnYDI9M",fr,2023-11-05,10:49:16
https://www.20min.ch/fr/story/rugby-il-se-bloque-le-dos-en-pleine-course-delan-827975744352,Rugby: Il se bloque le dos en pleine course d’élan,"https://cdn.unitycms.io/images/07y1JZqzKkv9wELUSW1A1K.jpg?op=ocroped&val=1200,1200,1000,1000,0,0&sum=qkRF21Aw_6o",fr,2023-11-05,11:03:49
https://www.20min.ch/fr/story/afrique-de-louest-la-marine-francaise-saisit-885-kilos-de-cocaine-567252848958,Afrique: La Marine française saisit 885 kilos de cocaïne ,"https://cdn.unitycms.io/images/7nMBm5lOaEy8zlF7KPrSl9.jpg?op=ocroped&val=1200,1200,1000,1000,0,0&sum=psOQjElPP-Y",fr,2023-11-05,11:28:25
https://www.20min.ch/fr/story/en-suisse-les-juifs-nosent-plus-sortir-dans-la-rue-avec-une-kippa-579281035189,"En Suisse, les Juifs n’osent plus sortir dans la rue avec une kippa","https://cdn.unitycms.io/images/4FUcSIIQKS29QTmRS0Z6jR.jpg?op=ocroped&val=1200,1200,1000,1000,0,0&sum=KP3un9kaUL4",fr,2023-11-05,12:16:26
https://www.20min.ch/fr/story/france-la-femme-juive-poignardee-a-lyon-est-sortie-de-lhopital-296924165393,France : La femme juive poignardée à Lyon est sortie de l’hôpital ,"https://cdn.unitycms.io/images/B3fz8JAdqkbALVWScN0lxD.jpg?op=ocroped&val=1200,1200,1000,1000,0,0&sum=QYMSjxqo6e8",fr,2023-11-05,12:48:14
https://www.20min.ch/fr/story/football-des-fans-de-saint-etienne-sauvent-une-personne-agee-996197256112,Football: Des fans de Saint-Etienne sauvent une personne âgée,"https://cdn.unitycms.io/images/EvHxIm9KqSsAm_xGpeHsJI.jpg?op=ocroped&val=1200,1200,1000,1000,0,0&sum=7KDGvi7lOXM",fr,2023-11-05,13:25:05
https://www.20min.ch/fr/story/etiqueter-la-viande-comme-les-cigarettes-pour-en-manger-moins-768342619522,Étiqueter la viande comme les cigarettes pour en manger moins,"https://cdn.unitycms.io/images/3Jkt2sIv4X49KC8QG4vG6V.jpg?op=ocroped&val=1200,1200,1000,765,0,0&sum=H_CizHhGkTQ",fr,2023-11-05,14:00:00
https://www.20min.ch/fr/story/turquie-manif-pro-palestinienne-dispersee-pres-dune-base-militaire-963440141322,Turquie: Manif pro-palestinienne dispersée par la police,"https://cdn.unitycms.io/images/CM-CeuOk47N9MqnrhBdZuQ.jpg?op=ocroped&val=1200,1200,1000,1000,0,0&sum=pxsYAPGHETs",fr,2023-11-05,14:07:26
https://www.20min.ch/fr/story/proche-orient-abbas-veut-un-reglement-pour-tous-les-territoires-palestiniens-581980800227,L'Autorité palestinienne veut une issue pour tous les territoires,"https://cdn.unitycms.io/images/DzGD3bvR4q2AL1IJiVvn90.jpg?op=ocroped&val=1200,1200,1000,1000,0,0&sum=J9z791edzgU",fr,2023-11-05,14:12:01
https://www.20min.ch/fr/story/suisse-rafales-jusqua-126-km-h-la-tempete-domingos-met-a-quai-la-cgn-429924053716,"Rafales jusqu’à 126 km/h: Chutes d’arbres, bateau coulé: la tempête Domingos remue la Suisse","https://cdn.unitycms.io/images/4ZYSWpTQaGPBLsZuoA0kv7.jpg?op=ocroped&val=1200,1200,1000,1000,0,0&sum=kGW6luz8lX8",fr,2023-11-05,14:42:12
https://www.20min.ch/fr/story/football-sion-s-impose-a-bellinzone-et-prend-seul-les-commandes-360617936505,Football: Sion s'impose à Bellinzone et prend seul les commandes,"https://cdn.unitycms.io/images/DtEwKR_XqVj9z58fSL4zRj.jpg?op=ocroped&val=1200,1200,1000,1000,0,0&sum=RUl6CPZVq4o",fr,2023-11-05,15:11:47
https://www.20min.ch/fr/story/pologne-bielorussie-un-soldat-polonais-a-blesse-un-migrant-syrien-en-trebuchant-873985180652,Un soldat polonais a blessé un migrant syrien en «trébuchant»,"https://cdn.unitycms.io/images/9cemjw4kKtgAdEt0VxwaKr.jpg?op=ocroped&val=1200,1200,1000,1000,0,0&sum=dsjtY1mVWIs",fr,2023-11-05,15:45:22
https://www.20min.ch/fr/story/coppet-vd-un-automobiliste-decede-apres-une-sortie-de-route-sur-la1-971294050414,Un automobiliste décède après une sortie de route à Coppet,"https://cdn.unitycms.io/images/5O4bzAh2aOl8DSheBedAWe.jpg?op=ocroped&val=1200,1200,1000,1000,0,0&sum=BnLlVyJKwA0",fr,2023-11-05,16:20:30
https://www.20min.ch/fr/story/tennis-djokovic-mate-dimitrov-et-s-adjuge-le-masters-1000-de-paris-bercy-241133325452,Tennis: Djokovic mate Dimitrov et s'adjuge le Masters 1000 de Paris-Bercy,"https://cdn.unitycms.io/images/3tL82Y2d4OFBlQ8N0L7uu7.jpg?op=ocroped&val=1200,1200,1000,1000,0,0&sum=HkKKt_h6Z4w",fr,2023-11-05,16:34:45
https://www.20min.ch/fr/story/football-un-international-espagnol-se-defoule-violemment-sur-la-var-645966907580,Football: Un international espagnol se défoule violemment sur la VAR,"https://cdn.unitycms.io/images/Cu4Ocw__qZF8mF2batmGQw.png?op=ocroped&val=1200,1200,1000,1000,0,0&sum=ctz3Cjm9ZGc",fr,2023-11-05,17:00:36
https://www.20min.ch/fr/story/f1-grand-prix-du-mexique-premiere-ligne-toute-en-rouge-bientot-le-depart-au-mexique-271200868335,"F1 – Grand Prix du Mexique: Départ chaotique, drapeau rouge","https://cdn.unitycms.io/images/2ZnWcm6OKU7A4qzidZQ4Wv.jpg?op=ocroped&val=1200,1200,1000,1000,0,0&sum=J978yUK77Go",fr,2023-11-05,17:13:22
https://www.20min.ch/fr/story/etats-unis-a-un-an-de-lelection-trump-devance-biden-dans-cinq-etats-cles-964181108212,"Etats-Unis: A un an de l’élection, Trump devance Biden dans cinq Etats clés","https://cdn.unitycms.io/images/67eNi3EeKZsBA39OO5scUV.jpg?op=ocroped&val=1200,1200,1000,1000,0,0&sum=npiKNXWSJFw",fr,2023-11-05,17:13:43
https://www.20min.ch/fr/story/football-bale-remporte-la-bataille-du-renouveau-face-a-yverdon-777773654853,Football: Bâle remporte la bataille du renouveau face à Yverdon,"https://cdn.unitycms.io/images/6L-fryJaav_9mZao-Nw7d6.jpg?op=ocroped&val=1200,1200,1000,1000,0,0&sum=UCN36zAZqtQ",fr,2023-11-05,17:27:19
https://www.20min.ch/fr/story/football-suivez-en-direct-la-rencontre-entre-yverdon-et-bale-440320608643,Football: Yverdon relance Bâle en s'inclinant,"https://cdn.unitycms.io/images/2IsVB0T_4NUBeLKlE7x06l.jpg?op=ocroped&val=1200,1200,1000,1000,0,0&sum=VceaURAo0MA",fr,2023-11-05,17:36:07
https://www.20min.ch/fr/story/selon-une-etude-les-suisses-nont-plus-le-temps-ni-lenvie-de-faire-du-shopping-145314346753,Selon une étude: Les Suisses n’ont plus le temps ni l’envie de faire du shopping,"https://cdn.unitycms.io/images/4VJtL4jyKOa9gTgIKs0phN.jpg?op=ocroped&val=1200,1200,1000,1000,0,0&sum=HzbUFHz5DIU",fr,2023-11-05,17:37:56
https://www.20min.ch/fr/story/football-stade-lausanne-ouchy-sincline-contre-plus-fort-que-lui-429275301658,Football: Stade Lausanne Ouchy s’incline contre plus fort que lui,"https://cdn.unitycms.io/images/9PMm0evoqwoAE2mNZHsq9O.jpg?op=ocroped&val=1200,1200,1000,1000,0,0&sum=2dTDvoByrRk",fr,2023-11-05,17:43:48
https://www.20min.ch/fr/story/football-le-slo-accueille-saint-gall-apres-deux-matches-nuls-consecutifs-149518479689,Football: SLO s'incline lourdement face à Saint-Gall,"https://cdn.unitycms.io/images/5EbKId0UqtQBFV56hqFnP1.jpg?op=ocroped&val=1200,1200,1000,1000,0,0&sum=coM0egG_050",fr,2023-11-05,17:45:53
https://www.20min.ch/fr/story/judo-la-suisse-termine-bredouille-aux-championnats-d-europe-190969473036,Judo: La Suisse termine bredouille aux Championnats d'Europe,"https://cdn.unitycms.io/images/BIETcc9yafmAaDakmLdsZj.jpg?op=ocroped&val=1200,1200,1000,1000,0,0&sum=uQyljC7uPUA",fr,2023-11-05,17:57:22
https://www.20min.ch/fr/story/football-shaqiri-s-entraine-a-nouveau-avec-lugano-910955160138,Football: Shaqiri s'entraîne à nouveau avec Lugano,"https://cdn.unitycms.io/images/8FfWvAeSKxE8Zkyhftt7c3.jpg?op=ocroped&val=1200,1200,1000,1000,0,0&sum=Mjthf8SoYs4",fr,2023-11-05,18:01:53
https://www.20min.ch/fr/story/guerre-en-ukraine-volodymyr-zelensky-pas-pret-a-des-discussions-avec-la-russie-189145749828,Volodymyr Zelensky «pas prêt» à des discussions avec la Russie,"https://cdn.unitycms.io/images/0FxA0hIzqqZBuFTBpdHx6e.jpg?op=ocroped&val=1200,1200,1000,1000,0,0&sum=ffR2xFBlhro",fr,2023-11-05,18:07:42
https://www.20min.ch/fr/story/geneve-une-voiture-plonge-au-pied-du-jet-deau-664942631501,Genève: Une voiture plonge au pied du Jet d’eau,"https://cdn.unitycms.io/images/FeJH55824eTAwG8SM9NdLB.png?op=ocroped&val=1200,1200,1000,1000,0,0&sum=f0whD6DJa9E",fr,2023-11-05,18:14:37
https://www.20min.ch/fr/story/football-avec-la-copa-libertadores-marcelo-a-remporte-son-titre-le-plus-important-369661374617,"Football: Avec la Copa Libertadores, Marcelo a remporté «son titre le plus important»","https://cdn.unitycms.io/images/9DmmZsPd4LYA2tI32Damab.jpg?op=ocroped&val=1200,1200,1000,1000,0,0&sum=R3lzJYBro-k",fr,2023-11-05,18:33:42
https://www.20min.ch/fr/story/f1-grand-prix-du-bresil-aston-martin-de-retour-874551727893,F1 – Grand Prix du Brésil: Verstappen gagne et Alonso arrache un podium,"https://cdn.unitycms.io/images/FzngpFJl4Yx9MLKeq71M5a.jpg?op=ocroped&val=1200,1200,1000,1000,0,0&sum=0avbTdPx4pM",fr,2023-11-05,19:09:18
https://www.20min.ch/fr/story/football-sans-guirassy-stuttgart-cale-encore-a-heidenheim-678909340659,"Football: Sans Guirassy, Stuttgart cale encore à Heidenheim","https://cdn.unitycms.io/images/2CaHlQscKzp9kAFeRyaswO.jpg?op=ocroped&val=1200,1200,1000,1000,0,0&sum=BvERa40GT7s",fr,2023-11-05,19:10:44
https://www.20min.ch/fr/story/elu-victime-dinsultes-islamophobes-apres-avoir-defendu-gaza-782031396135,Elu victime d’insultes islamophobes après avoir défendu Gaza,"https://cdn.unitycms.io/images/8Zar4Ray4a0BswCbB6p18G.jpg?op=ocroped&val=1200,1200,1000,1000,0,0&sum=jOpT4aKqGnQ",fr,2023-11-05,19:58:50
https://www.20min.ch/fr/story/suisse-romande-une-parole-claire-pour-denoncer-lantisemitisme-406047355481,Suisse romande: «Une parole claire pour dénoncer l’antisémitisme»,"https://cdn.unitycms.io/images/9XpscVyq48J8ArW94vTWWR.jpg?op=ocroped&val=1200,1200,1000,1000,0,0&sum=krHT3Y7kznU",fr,2023-11-05,19:59:31
https://www.20min.ch/fr/story/proche-orient-apres-avoir-coupe-gaza-en-deux-israel-continue-ses-frappes-231867570903,"Après avoir «coupé Gaza en deux», Israël continue ses frappes","https://cdn.unitycms.io/images/57gRVUWF4MvAYDXWbYcZ4A.jpg?op=ocroped&val=1200,1200,1000,1000,0,0&sum=SLFWzyRnn3Q",fr,2023-11-05,20:19:38
https://www.20min.ch/fr/story/rugby-rassie-erasmus-revient-comme-selectionneur-de-l-afrique-du-sud-834022741160,Rugby: Rassie Erasmus revient comme sélectionneur de l'Afrique du Sud,"https://cdn.unitycms.io/images/EnBDSOjS48PB6qrp2jXK-K.jpg?op=ocroped&val=1200,1200,1000,1000,0,0&sum=pAwWLeUeP7Y",fr,2023-11-05,20:47:42
https://www.20min.ch/fr/story/etats-unis-lohio-theatre-dun-vote-test-pour-lavortement-406744336550,"États-Unis: L’Ohio, théâtre d’un vote test pour l’avortement","https://cdn.unitycms.io/images/E7kEmaKN4wVAJT9E7SuC4I.jpg?op=ocroped&val=1200,1200,1000,1000,0,0&sum=C-68XTt8Tmo",fr,2023-11-05,20:57:40
https://www.20min.ch/fr/story/football-pour-son-retour-luis-diaz-sauve-liverpool-d-un-desastre-542091729624,"Football: Pour son retour, Luis Díaz sauve Liverpool d'un désastre","https://cdn.unitycms.io/images/7qNA73yJqu3BLH9UgDLkxe.jpg?op=ocroped&val=1200,1200,1000,1000,0,0&sum=lDBekvjbIUY",fr,2023-11-05,21:11:24
https://www.20min.ch/fr/story/des-aurores-boreales-eclairent-le-ciel-suisse-395903638691,Des aurores boréales éclairent le ciel suisse,"https://cdn.unitycms.io/images/FhJ3I01MKtcASPTVnutHdG.jpg?op=ocroped&val=1200,1200,1000,1000,0,0&sum=OE57Z7Nug8E",fr,2023-11-05,21:18:20
https://www.20min.ch/fr/story/geneve-eco-creche-menacee-de-fermeture-620049210912,Genève: Eco-crèche menacée de fermeture,"https://cdn.unitycms.io/images/Cq7FeONs4W4AHNaoYqYXdP.jpg?op=ocroped&val=1200,1200,995,546,16,4&sum=XaUJmXBajaw",fr,2023-11-05,21:20:46
https://www.20min.ch/fr/story/berne-l-udc-veut-ejecter-ignazio-cassis-des-affaires-etrangeres-681914860373,Berne: L'UDC veut éjecter Ignazio Cassis des affaires étrangères,"https://cdn.unitycms.io/images/658Gltukap_8yAU3JtG2Vf.jpg?op=ocroped&val=1200,1200,1000,1000,0,0&sum=OvpQtBPlRY4",fr,2023-11-05,21:49:18
https://www.20min.ch/fr/story/formule-1-intouchable-au-bresil-verstappen-ecrase-encore-la-concurrence-411708751326,"Formule 1: Intouchable au Brésil, Verstappen écrase encore la concurrence","https://cdn.unitycms.io/images/400qK0_NK1PAOEqFcYnlmM.jpg?op=ocroped&val=1200,1200,1000,1000,0,0&sum=oiLK8dyteaQ",fr,2023-11-05,21:51:43
https://www.20min.ch/fr/story/football-avec-un-zakaria-buteur-monaco-reprend-ses-bonnes-habitudes-100772899240,"Football: Avec un Zakaria buteur, Monaco reprend ses bonnes habitudes","https://cdn.unitycms.io/images/7dFZdrq2KSRAuiwX-artD-.jpg?op=ocroped&val=1200,1200,1000,1000,0,0&sum=A_5qlRCs5y0",fr,2023-11-05,21:59:49
https://www.20min.ch/fr/story/soudan-20-civils-tues-par-la-chute-dobus-sur-un-marche-pres-de-khartoum-180616677344,Soudan: 20 civils tués par la chute d’obus sur un marché près de Khartoum,"https://cdn.unitycms.io/images/1MeIn6dBqXaAU4e3nhKnAh.jpg?op=ocroped&val=1200,1200,1000,1000,0,0&sum=W3s5bG60KAE",fr,2023-11-05,22:09:46
https://www.20min.ch/fr/story/football-la-juventus-assure-l-essentiel-et-conforte-sa-place-de-dauphin-721588904487,Football: La Juventus assure l'essentiel et conforte sa place de dauphin,"https://cdn.unitycms.io/images/B9MACOwcql7Ab1Egp5kr0A.jpg?op=ocroped&val=1200,1200,1000,1000,0,0&sum=0XdiVHFpWZk",fr,2023-11-05,22:11:43
https://www.20min.ch/fr/story/football-le-real-madrid-seche-gerone-en-tete-de-la-liga-239245469150,"Football: Le Real Madrid sèche, Gérone en tête de la Liga","https://cdn.unitycms.io/images/40nnZfi8qdk9JFnr4aI7UC.jpg?op=ocroped&val=1200,1200,1000,1000,0,0&sum=UqPu8xZ2lCY",fr,2023-11-05,22:11:43
https://www.20min.ch/fr/story/lidee-de-vacciner-les-ecoliers-contre-la-grippe-est-sur-la-table-597948030927,L’idée de vacciner les écoliers contre la grippe est sur la table,"https://cdn.unitycms.io/images/4oazXNjRqqu8A1Ixa7gPdh.jpg?op=ocroped&val=1200,1200,1000,1000,0,0&sum=hym9Ab1LUzs",fr,2023-11-05,22:27:26
https://www.20min.ch/fr/story/concours-gagne-tes-billets-pour-aime-simone-170698607512,Concours: Gagne tes billets pour Aime Simone,"https://cdn.unitycms.io/images/3qBERz8K4WE9jRnbGCCLHp.jpg?op=ocroped&val=1200,1200,1000,1000,0,0&sum=bMIzDQQzoZs",fr,2023-11-05,23:01:00
https://www.20min.ch/fr/story/concours-gagne-tes-billets-pour-le-cine-concert-naruto-symphonic-experience-183769193563,Concours: Gagne tes billets pour le ciné-concert Naruto Symphonic Experience,"https://cdn.unitycms.io/images/BAstXBI6KgTBMBaxDJV22t.jpg?op=ocroped&val=1200,1200,1000,1000,0,0&sum=ZPABuWUQD9g",fr,2023-11-05,23:01:00
https://www.20min.ch/fr/story/concours-gagne-tes-billets-pour-saez-305977993563,Concours: Gagne tes billets pour Saez !,"https://cdn.unitycms.io/images/CCdwsaHc4SCBwAgiU-Ywvh.jpg?op=ocroped&val=1200,1200,1000,1000,0,0&sum=9IDF7XfCeqI",fr,2023-11-05,23:01:00
https://www.20min.ch/fr/story/colombie-les-farc-suspendent-les-negociations-de-paix-avec-le-gouvernement-459748952206,Colombie: Les FARC suspendent les négociations de paix avec le gouvernement,"https://cdn.unitycms.io/images/EhqFp9zOaDXBtSwJWO521r.jpg?op=ocroped&val=1200,1200,1000,1000,0,0&sum=SyporB7yLk0",fr,2023-11-06,03:06:29
https://www.20min.ch/fr/story/etats-unis-donald-trump-va-temoigner-au-tribunal-lors-de-son-proces-civil-922039304757,Etats-Unis: Donald Trump s’apprête à témoigner lors de son procès civil,"https://cdn.unitycms.io/images/0nFmPEikKL7B-lfCOU00zQ.jpg?op=ocroped&val=1200,1200,1000,1000,0,0&sum=wvtTy1IoEWQ",fr,2023-11-06,03:33:38
https://www.20min.ch/fr/story/sunrise-upc-la-croix-et-la-banniere-pour-annuler-un-contrat-tombe-de-nulle-part-516802549202,Sunrise/UPC: La croix et la bannière pour annuler un contrat,"https://cdn.unitycms.io/images/EGcCgE-8aOXBR5Uamowf2M.jpg?op=ocroped&val=1200,1200,1000,1000,0,0&sum=2zL-cbmJqWY",fr,2023-11-06,05:07:07
https://www.20min.ch/fr/story/ryan-eggold-est-triste-de-la-fin-de-la-serie-new-amsterdam-885435676849,Ryan Eggold est triste de la fin de la série New Amsterdam,"https://cdn.unitycms.io/images/Brz8gYnTqYw8mpr7BRiFq_.png?op=ocroped&val=1200,1200,1000,1000,0,0&sum=VhAcJLYy_vo",fr,2023-11-06,05:07:56
https://www.20min.ch/fr/story/football-tony-parker-pour-sauver-lol-322723424367,Football: Tony Parker pour sauver l'OL?,"https://cdn.unitycms.io/images/2edtHAm-46Z8bMpWFDUVUH.jpg?op=ocroped&val=1200,1200,1000,1000,0,0&sum=FI4dGMiPdwk",fr,2023-11-06,05:13:33
https://www.20min.ch/fr/story/diplomatie-les-relations-entre-la-chine-et-laustralie-se-rechauffent-637144051069,Diplomatie: Les relations entre la Chine et l’Australie se réchauffent,"https://cdn.unitycms.io/images/7JsSLVyzqHw8PEclDZKTJD.jpg?op=ocroped&val=1200,1200,1000,1000,0,0&sum=WeSRhX6oO7w",fr,2023-11-06,05:16:56
https://www.20min.ch/fr/story/conseils-quand-vous-galerez-pour-vous-lever-le-matin-242268887068,Conseils: Quand vous galérez pour vous lever le matin…,"https://cdn.unitycms.io/images/6jJS9SmXKnq8pMOUuxllMe.jpg?op=ocroped&val=1200,1200,1000,1000,0,0&sum=rBvOGWv0XsA",fr,2023-11-06,06:00:00
https://www.20min.ch/fr/story/crans-montana-vs-bijouterie-cambriolee-durant-la-nuit-698370591498,Crans-Montana (VS): Bijoux et montres volés durant la nuit,"https://cdn.unitycms.io/images/8ZJr1wJiKDA8ECMUvCH-cS.jpg?op=ocroped&val=1200,1200,1000,1000,0,0&sum=6KQPl_l9sFE",fr,2023-11-06,07:25:42
https://www.20min.ch/fr/story/guerre-israel-hamas-jeune-icone-de-la-cause-palestinienne-ahed-tamimi-a-ete-arretee-789957303653,"Arrestation d'Ahed Tamimi, jeune icône palestinienne","https://cdn.unitycms.io/images/BA30Hj70Kf199D1u635cXv.jpg?op=ocroped&val=1200,1200,1000,1000,0,0&sum=7ySmg6mJIbU",fr,2023-11-06,07:42:29
https://www.20min.ch/fr/story/guinee-neuf-morts-dans-loperation-commando-a-la-prison-de-conakry-598418225404,Guinée: une opération commando fait neuf morts,"https://cdn.unitycms.io/images/FURaLijeaFq8o4IBiqZR1r.jpg?op=ocroped&val=1200,1200,1000,1000,0,0&sum=_juvKA-IrKg",fr,2023-11-06,08:34:12
https://www.20min.ch/fr/story/des-riverains-du-pont-darve-reclament-une-reduction-du-trafic-724680616460,Des riverains du Pont-d’Arve réclament une réduction du trafic,"https://cdn.unitycms.io/images/0Sh7V3n0Ke786ZF4_hTHlC.jpg?op=ocroped&val=1200,1200,1000,1000,0,0&sum=EW3UqvdX8EI",fr,2023-11-06,08:42:01
https://www.20min.ch/fr/story/sous-la-pression-de-son-fils-julien-dore-repart-en-tournee-485273922021,"Sous la pression de son fils, Julien Doré repart en tournée ","https://cdn.unitycms.io/images/2Bzrm3SZaXV9W7AQVH_ykq.png?op=ocroped&val=1200,1200,1000,559,131,0&sum=M1q2W42D0qM",fr,2023-11-06,08:46:23
https://www.20min.ch/fr/story/estavayer-le-lac-fr-les-proprietaires-dun-berger-allemand-incontrolable-punis-448675105827,Fribourg: Les proprios d’un berger allemand incontrôlable punis,"https://cdn.unitycms.io/images/A-7XmVkHaal9-1NyQ3NDv8.jpg?op=ocroped&val=1200,1200,1000,1000,0,0&sum=R0_9kEWg9_U",fr,2023-11-06,08:49:14
https://www.20min.ch/fr/story/coree-du-sud-une-star-de-k-pop-soupconnee-davoir-consomme-de-la-drogue-278882199333,Corée du Sud: une star de K-pop convoquée par la police,"https://cdn.unitycms.io/images/8tuCSKSFq_cADEdtj2N0yh.jpg?op=ocroped&val=1200,1200,1000,1000,0,0&sum=pkVe9JeRcZA",fr,2023-11-06,08:54:45
https://www.20min.ch/fr/story/un-motard-est-decede-apres-une-chute-a-zurich-667947535365,Un motard est décédé après une chute à Zurich,"https://cdn.unitycms.io/images/Ec4GEK-uqMX8eC9OZu-UtD.jpg?op=ocroped&val=1200,1200,1000,1000,0,0&sum=AO6uZ2ub748",fr,2023-11-06,09:06:21
https://www.20min.ch/fr/story/carla-lazzari-a-vecu-un-enfer-pendant-que-bim-bam-toi-cartonnait-988796548885,Carla Lazzari a vécu un enfer pendant que Bim Bam toi cartonnait,"https://cdn.unitycms.io/images/9CIN49An4ju85WYvJMXnls.png?op=ocroped&val=1200,1200,1000,1000,0,0&sum=PN9d2pJlP4M",fr,2023-11-06,09:24:29
https://www.20min.ch/fr/story/concours-gagne-tes-billets-pour-zola-736007120253,Concours: Gagne tes billets pour Zola,"https://cdn.unitycms.io/images/EvJMb-9maMUAJd3S0eV9VG.jpg?op=ocroped&val=1200,1200,1000,1000,0,0&sum=nxfO6V7bw2c",fr,2023-11-06,09:30:00
https://www.20min.ch/fr/story/guerre-israel-hamas-il-est-mort-pour-que-je-vive-alors-il-me-faut-vivre-426506553590,Guerre Israël-Hamas: une femme sauvée par le sacrifice de son ami,"https://cdn.unitycms.io/images/5dWRkirbq-99n3J7C7RrGz.jpg?op=ocroped&val=1200,1200,1000,1000,0,0&sum=9--SnuppwsM",fr,2023-11-06,09:50:30
https://www.20min.ch/fr/story/le-pere-dun-footballeur-de-prilly-juge-pour-un-couteau-344797374499,Le père d’un footballeur de Prilly jugé pour un couteau,"https://cdn.unitycms.io/images/F_m2eCryqRC9i3U6F8tTHj.jpg?op=ocroped&val=1200,1200,1000,1000,0,0&sum=MI5biN24tZg",fr,2023-11-06,09:56:52
https://www.20min.ch/fr/story/avion-un-bouton-secret-permet-de-relever-laccoudoir-807720258008,Avion: un bouton secret permet de relever l’accoudoir,"https://cdn.unitycms.io/images/3fmKKXnkKS-ASEWmkto_Jf.jpg?op=ocroped&val=1200,1200,1000,620,185,0&sum=vDBsGlelNEY",fr,2023-11-06,10:00:00
https://www.20min.ch/fr/story/star-academy-une-2e-chance-pour-les-3-candidats-evinces-846159547993,Star Academy: une 2e chance pour les 3 candidats évincés,"https://cdn.unitycms.io/images/8yTddZ4hqCu97FA_auQur8.jpg?op=ocroped&val=1200,1200,989,716,103,11&sum=-YkPipSmevU",fr,2023-11-06,10:04:00
https://www.20min.ch/fr/story/de-la-drogue-de-synthese-ecoulee-via-une-epicerie-en-ligne-823363047093,De la drogue de synthèse écoulée via «une épicerie en ligne»,"https://cdn.unitycms.io/images/3mkB7PxXKDU8zEyvXkjGjS.jpg?op=ocroped&val=1200,1200,1000,1000,0,0&sum=T0SCCfAxdZQ",fr,2023-11-06,10:15:42
https://www.20min.ch/fr/story/des-gateaux-et-des-ballons-pour-l-anniversaire-de-kendall-jenner-681203392498,Des gâteaux et des ballons pour l'anniversaire de Kendall Jenner,"https://cdn.unitycms.io/images/4wHdSfvd4jD9evAk8C5s68.jpg?op=ocroped&val=1200,1200,1000,526,0,0&sum=HTEcbxTZ1XY",fr,2023-11-06,10:30:10
https://www.20min.ch/fr/story/vietnam-un-enorme-chantier-pres-de-la-baie-dha-long-fait-scandale-749291901517,La construction d’un immense complexe près de la baie d’Ha Long fait scandale,"https://cdn.unitycms.io/images/8AId7flWaIQBWLSpYn9WIo.jpg?op=ocroped&val=1200,1200,1000,1000,0,0&sum=TXh5OdKxHag",fr,2023-11-06,10:36:50
https://www.20min.ch/fr/story/saint-gall-il-trompait-un-automate-avec-de-la-monnaie-hongroise-756912724128,Saint-Gall: il trompait un automate avec de la monnaie hongroise,"https://cdn.unitycms.io/images/4pBoCjqx4xCBMqc3HbGnkt.jpg?op=ocroped&val=1200,1200,1000,1000,0,0&sum=5_0VsI-vt_A",fr,2023-11-06,10:55:17
https://www.20min.ch/fr/story/guerre-en-ukraine-un-musee-historique-a-odessa-touche-par-des-frappes-russes-303976551828,Le musée des Beaux-Arts d'Odessa touché par des frappes russes,"https://cdn.unitycms.io/images/BMWf6PYY4W795weNJh7jDo.jpg?op=ocroped&val=1200,1200,1000,1000,0,0&sum=FiUXFJbSG18",fr,2023-11-06,10:59:01
https://www.20min.ch/fr/story/premiere-apparition-publique-de-la-fille-de-katy-perry-649000123320,Première apparition publique de la fille de Katy Perry,"https://cdn.unitycms.io/images/0C5GQ653KEM98bK6YiPPIn.png?op=ocroped&val=1200,1200,824,764,88,111&sum=bCTkpg_hHNs",fr,2023-11-06,11:05:02
https://www.20min.ch/fr/story/suicide-de-lucas-en-france-les-quatre-mineurs-poursuivis-pour-harcelement-relaxes-119619329919,Suicide de Lucas: les quatre mineurs poursuivis pour harcèlement relaxés,"https://cdn.unitycms.io/images/AfQ6e_6t4Kh9YXbS-d7aFv.jpg?op=ocroped&val=1200,1200,1000,1000,0,0&sum=rwlUAB_IJQU",fr,2023-11-06,11:06:39
https://www.20min.ch/fr/story/caritas-sollicite-les-genevois-pour-heberger-des-refugies-497023503693,Caritas sollicite les Genevois pour héberger des réfugiés,"https://cdn.unitycms.io/images/DsA6KF82aniBDQEr9sTSt4.jpg?op=ocroped&val=1200,1200,1000,1000,0,0&sum=m5HmkjzaHP0",fr,2023-11-06,11:08:18
https://www.20min.ch/fr/story/l-histoire-d-amour-camille-et-nicolas-santoro-est-terminee-873627943270,L'histoire d'amour Camille et Nicolas Santoro est terminée,"https://cdn.unitycms.io/images/B9llGKr_qQP8yJFMr8u1XJ.jpg?op=ocroped&val=1200,1200,1000,582,0,0&sum=9pA-HUuBpDQ",fr,2023-11-06,11:32:46
https://www.20min.ch/fr/story/espagne-echanger-des-voix-contre-limpunite-cest-de-la-corruption-877136201812,"Espagne: «échanger des voix contre l’impunité, c’est de la corruption»","https://cdn.unitycms.io/images/DvDaJvNPa0dAZxWl7FF2ql.jpg?op=ocroped&val=1200,1200,1000,1000,0,0&sum=-ku1xmtNM7U",fr,2023-11-06,11:33:46
https://www.20min.ch/fr/story/olympisme-le-comite-olympique-russe-saisit-le-tas-495088420968,Le comité olympique russe conteste sa suspension devant la justice sportive,"https://cdn.unitycms.io/images/BfXqwneGqVW9P8GLOew8xS.jpg?op=ocroped&val=1200,1200,1000,1000,0,0&sum=trTkHQ8JQAQ",fr,2023-11-06,11:47:37
https://www.20min.ch/fr/story/operation-deluge-dal-aqsa-des-centaines-de-roquettes-tirees-de-la-bande-de-gaza-vers-israel-238434023542,Guerre Israël-Hamas: Josep Borrell: «Il n’y a pas de solution militaire au conflit»,"https://cdn.unitycms.io/images/Fz1m9KrB4dYAmd8sUYhhzg.jpg?op=ocroped&val=1200,1200,1000,1000,0,0&sum=Nz0yhu9GzuU",fr,2023-11-06,11:48:24
https://www.20min.ch/fr/story/gjons-tears-sacre-au-mtv-european-music-awards-2023-631704207796,Gjon’s Tears sacré au MTV European Music Awards 2023,"https://cdn.unitycms.io/images/D81yQ_EsaXp8DvBCz48a-h.png?op=ocroped&val=1200,1200,1000,1000,0,0&sum=1Dq2N6rZI8w",fr,2023-11-06,11:49:09
https://www.20min.ch/fr/story/cop28-a-dubai-succes-du-dialogue-entre-usa-et-chine-sur-le-climat-620706917618,Succès du dialogue entre USA et Chine sur le climat,"https://cdn.unitycms.io/images/0jWsU8FsqHcBuKap98gqev.jpg?op=ocroped&val=1200,1200,628,568,124,372&sum=G1JZfjE0n2A",fr,2023-11-09,10:18:30
https://www.20min.ch/fr/story/marches-propalestiniennes-a-londres-la-ministre-de-linterieur-accuse-la-police-de-partialite-578097659584,Manifs propalestiniennes à Londres: Une ministre critique la police,"https://cdn.unitycms.io/images/9X8R3LKZ4P18-c7TSap4YP.jpg?op=ocroped&val=1200,1200,1000,1000,0,0&sum=UFy7DU49CT4",fr,2023-11-09,10:21:58
https://www.20min.ch/fr/story/kourtney-kardashian-et-travis-barker-de-retour-a-la-maison-511304168711,Kourtney Kardashian et Travis Barker de retour à la maison,"https://cdn.unitycms.io/images/2jb8OIF_4e38lZuVH7HoF-.jpg?op=ocroped&val=1200,1200,1000,430,0,0&sum=m2DvwkMxWeA",fr,2023-11-09,10:30:45
https://www.20min.ch/fr/story/islande-risque-deruption-pres-du-celebre-lagon-bleu-210259155792,Islande: Risque d’éruption près du célèbre «Lagon bleu» ,"https://cdn.unitycms.io/images/03j974jKqEW9-z9nVMnFLx.jpg?op=ocroped&val=1200,1200,1000,1000,0,0&sum=u3OLA-elS7s",fr,2023-11-09,10:52:27
https://www.20min.ch/fr/story/guerre-israel-hamas-lidee-dun-bebe-au-four-lamuse-influenceuse-arretee-a-paris-564488014108,Guerre Israël-Hamas: L’idée d’un bébé au four l’amuse: influenceuse arrêtée à Paris,"https://cdn.unitycms.io/images/6m5QbV3rqHi9H7Bh8WgCxO.jpg?op=ocroped&val=1200,1200,1000,1000,0,0&sum=ulOdxaxJZ6o",fr,2023-11-09,11:34:00
https://www.20min.ch/fr/story/lamour-est-dans-le-pre-deux-pretendantes-sanctionnees-655696703635,L’amour est dans le pré: Deux prétendantes sanctionnées,"https://cdn.unitycms.io/images/9dyzXoOdKeC8oXGjq1wXE8.jpg?op=ocroped&val=1200,1200,991,919,5,0&sum=6tsojhOqIYg",fr,2023-11-09,11:35:22
https://www.20min.ch/fr/story/guerre-en-ukraine-pour-negocier-avec-moscou-il-faut-etre-mal-informe-selon-kiev-124791906240,"Pour négocier avec Moscou il faut être «mal informé», selon Kiev","https://cdn.unitycms.io/images/0qVpMh4qaRM9CVQ3BUqFZy.jpg?op=ocroped&val=1200,1200,1000,1000,0,0&sum=bAB0pcHWwWI",fr,2023-11-09,11:53:05
https://www.20min.ch/fr/story/neuchatel-des-chasseurs-d-oiseaux-ont-ete-arretes-218414065762,Neuchâtel: des chasseurs d'oiseaux ont été arrêtés,"https://cdn.unitycms.io/images/EgLNzXAVKEgB0SmW23LPHP.jpg?op=ocroped&val=1200,1200,1000,1000,0,0&sum=FC2G8Y05WL4",fr,2023-11-09,12:26:15
https://www.20min.ch/fr/story/france-un-adolescent-agresse-un-rabbin-dans-le-metro-de-paris-661663169800,France: Un adolescent agresse un rabbin dans le métro de Paris,"https://cdn.unitycms.io/images/Efq3eS7vKKKBHTnVBaaaaB.jpg?op=ocroped&val=1200,1200,1000,1000,0,0&sum=4Q3oHTM_grs",fr,2023-11-09,12:41:47
https://www.20min.ch/fr/story/football-entre-l-om-et-l-aek-athenes-une-amitie-devenue-fraternite-389080750514,"Football: Entre l'OM et l'AEK Athènes, une amitié devenue fraternité","https://cdn.unitycms.io/images/3s4h0gTLaEa9prPSr9j8Xb.jpg?op=ocroped&val=1200,1200,1000,1000,0,0&sum=LZuDkWim5fs",fr,2023-11-09,12:59:51
https://www.20min.ch/fr/story/defaite-de-mu-pour-erik-ten-hag-cest-a-cause-de-larbitre-261158307443,"Défaite de MU: pour Erik ten Hag, c’est à cause de l’arbitre","https://cdn.unitycms.io/images/FLgfVE5Iqe4BvRpsWcBf1M.jpg?op=ocroped&val=1200,1200,1000,1000,0,0&sum=6CyFq454FaI",fr,2023-11-09,13:07:27
https://www.20min.ch/fr/story/un-sac-de-pharrell-williams-scandalise-les-defenseurs-des-animaux-962584044491,Un sac de Pharrell Williams scandalise les défenseurs des animaux,"https://cdn.unitycms.io/images/2TrWTZzDKmKAA555uyW9RA.jpg?op=ocroped&val=1200,1200,1000,1000,0,0&sum=R75QLDecoTg",fr,2023-11-09,13:12:23
https://www.20min.ch/fr/story/plus-jamais-ca-scholz-sengage-a-proteger-les-juifs-en-allemagne-529933781252,Plus jamais ça: Scholz s’engage à protéger les juifs en Allemagne,"https://cdn.unitycms.io/images/0o-fB3KtaLqBajzqcIpT6M.jpg?op=ocroped&val=1200,1200,1000,1000,0,0&sum=k-4n7b0_sjI",fr,2023-11-09,13:30:07
https://www.20min.ch/fr/story/hillary-clinton-compare-donald-trump-a-adolf-hitler-891979866809,Hillary Clinton compare Donald Trump à Adolf Hitler,"https://cdn.unitycms.io/images/4Ua4iM4R4zlB0nTJ3Zz71g.png?op=ocroped&val=1200,1200,1000,1000,0,0&sum=ptO7T_Pd7W0",fr,2023-11-09,13:32:57
https://www.20min.ch/fr/story/vaud-la-galere-des-pendulaires-a-cause-de-la-panne-cff-704662826947,Vaud: la galère des pendulaires à cause de la panne CFF,"https://cdn.unitycms.io/images/43L_ldi84f0B2-DTN_BXo8.jpg?op=ocroped&val=1200,1200,1000,514,486,0&sum=SgzpCeUNd9U",fr,2023-11-09,13:40:30
https://www.20min.ch/fr/story/france-des-stations-veulent-faire-venir-les-skieurs-en-train-428660884130,France: des stations veulent faire venir les skieurs en train,"https://cdn.unitycms.io/images/7pdGHKwf4rz840YkKWEFmt.jpg?op=ocroped&val=1200,1200,1000,1000,0,0&sum=9IcFgm_REPc",fr,2023-11-09,13:48:37
https://www.20min.ch/fr/story/portugal-la-tendance-est-aux-elections-apres-la-demission-dantonio-costa-330619838589,Le Portugal semble se diriger vers de nouvelles élections,"https://cdn.unitycms.io/images/6NzjJNb4aulAV6ER8pqZia.jpg?op=ocroped&val=1200,1200,1000,1000,0,0&sum=mAcnnKY-2kA",fr,2023-11-09,13:49:42
https://www.20min.ch/fr/story/gros-tacle-de-la-serie-family-guy-au-prince-harry-et-meghan-901511272931,Gros tacle de la série Family Guy au prince Harry et Meghan,"https://cdn.unitycms.io/images/51RK47KYKc5AHVOQ4ZBS2M.jpg?op=ocroped&val=1200,1200,1000,1000,0,0&sum=V-XtaM8vnoY",fr,2023-11-09,14:03:54
https://www.20min.ch/fr/story/geneve-fausse-alerte-amok-lalarme-se-declenche-toute-seule-608177497801,Genève: Fausse alerte AMOK: «L’alarme se déclenche toute seule»,"https://cdn.unitycms.io/images/BvxRJRGr4LIAFRwgH3A-W4.jpg?op=ocroped&val=1200,1200,1000,1000,0,0&sum=HZ2Izni-sOU",fr,2023-11-09,14:12:20
https://www.20min.ch/fr/story/la-panne-generale-des-cff-est-due-a-huit-cables-perfores-409186968867,La panne générale des CFF est due à huit câbles perforés,"https://cdn.unitycms.io/images/9f4XU4_94Vb9zgPmxr70_y.jpg?op=ocroped&val=1200,1200,1000,1000,0,0&sum=1r-1V4aRuoQ",fr,2023-11-09,14:46:30
https://www.20min.ch/fr/story/neuchatel-un-centre-medical-tout-neuf-pour-desengorger-pourtales-546801084672,Neuchâtel: Un centre médical tout neuf pour désengorger Pourtalès,"https://cdn.unitycms.io/images/Bb7H3D18KDiAKpFknJbirm.jpg?op=ocroped&val=1200,1200,1000,1000,0,0&sum=3N_kfZm_DP4",fr,2023-11-09,14:52:08
https://www.20min.ch/fr/story/caraibes-il-se-tue-en-ski-nautique-trois-jours-apres-son-mariage-412255829223,Caraïbes: il se tue en ski nautique trois jours après son mariage,"https://cdn.unitycms.io/images/5p9MlfOG4_z9qLktAK7pEx.png?op=ocroped&val=1200,1200,1000,921,0,0&sum=Ov2XPRZvFhI",fr,2023-11-09,14:56:27
https://www.20min.ch/fr/story/38-tonnes-de-vetements-balancees-pendant-le-marathon-de-new-york-115365878166,38 tonnes de vêtements balancées pendant le marathon de New York.,"https://cdn.unitycms.io/images/3rQduGGyKkJ96BPaaUSVFl.jpg?op=ocroped&val=1200,1200,682,714,271,186&sum=YI3mOSi2llQ",fr,2023-11-09,15:00:00
https://www.20min.ch/fr/story/football-les-gardiens-suisses-au-top-de-l-europe-156950295038,Football: Les gardiens suisses au top de l'Europe,"https://cdn.unitycms.io/images/0DDhTpqBKk8BGz9jEhFZW3.jpg?op=ocroped&val=1200,1200,1000,1000,0,0&sum=gnR4a4_JZUY",fr,2023-11-09,15:05:15
https://www.20min.ch/fr/story/geneve-une-piste-cyclable-clandestine-effacee-par-les-autorites-556977684469,Genève: Une piste cyclable clandestine effacée par les autorités,"https://cdn.unitycms.io/images/9oSmhVCV460B9YPgH__Ons.jpg?op=ocroped&val=1200,1200,1000,1000,0,0&sum=Qj76jo7K9kQ",fr,2023-11-09,15:09:18
https://www.20min.ch/fr/story/haiti-lonu-appelee-a-financer-le-deploiement-de-policiers-kenyans-456333055844,Haïti: L’ONU appelée à financer l'appui de policiers kényans,"https://cdn.unitycms.io/images/0JpizwVfKDo9L0fO4P6mjM.jpg?op=ocroped&val=1200,1200,1000,1000,0,0&sum=3jbvCnTaEBU",fr,2023-11-09,15:51:01
https://www.20min.ch/fr/story/vaud-est-champion-de-la-voiture-electrique-en-suisse-romande-433233144068,Vaud est champion de la voiture électrique en Suisse romande,"https://cdn.unitycms.io/images/7vxPov2IKtWBN-Xo8y6b10.jpg?op=ocroped&val=1200,1200,1000,1000,0,0&sum=T86BChuKNPU",fr,2023-11-09,16:07:05
https://www.20min.ch/fr/story/geneve-un-accident-perturbe-le-trafic-sur-la1-883258276393,Genève: Un accident perturbe le trafic sur l’A1,"https://cdn.unitycms.io/images/8RT2-Ts0aJt941oRR6L_Rc.jpg?op=ocroped&val=1200,1200,1000,1000,0,0&sum=i-xymJsFRMo",fr,2023-11-09,16:10:01
https://www.20min.ch/fr/story/joris-voorn-as-de-la-techno-melodique-a-voir-sous-un-chapiteau-782612064498,"Joris Voorn, as de la techno mélodique, à voir sous un chapiteau","https://cdn.unitycms.io/images/7V46chtGaN98XnifVP3Eij.jpg?op=ocroped&val=1200,1200,1000,1000,0,0&sum=iC9HBHun55o",fr,2023-11-09,16:17:28
https://www.20min.ch/fr/story/julia-paredes-s-est-encore-reconciliee-avec-son-ex-126867698531,Julia Paredes s'est encore réconciliée avec son ex,"https://cdn.unitycms.io/images/EAh3_yDJqRD9jdkEn5iUFh.jpg?op=ocroped&val=1200,1200,1000,457,0,0&sum=L-VHG5u8DdE",fr,2023-11-09,16:20:40
https://www.20min.ch/fr/story/etats-unis-une-premiere-greffe-doeil-complete-a-ete-realisee-141106211670,Etats-Unis: une première greffe d’oeil complète a été réalisée,"https://cdn.unitycms.io/images/0Ws-5dOaKTP8FuzIpi-1r1.jpg?op=ocroped&val=1200,1200,1000,1000,0,0&sum=biEvxyc7WsU",fr,2023-11-09,16:21:38
https://www.20min.ch/fr/story/art-ou-se-trouve-la-fontaine-la-plus-moche-du-monde-a-vienne-340990857950,«Où se trouve la fontaine la plus moche du monde? À Vienne!»,"https://cdn.unitycms.io/images/2IxCf5Er4O6A5UaUEHMyT6.jpg?op=ocroped&val=1200,1200,1000,1000,0,0&sum=NFR9gxrKfgM",fr,2023-11-09,16:29:01
https://www.20min.ch/fr/story/football-le-pere-du-joueur-de-liverpool-luis-diaz-est-libre-956162308282,Football: Le père du joueur de Liverpool Luis Diaz est libre,"https://cdn.unitycms.io/images/55bUE3PvqNM8F_fTdSc8ia.jpg?op=ocroped&val=1200,1200,1000,1000,0,0&sum=QQpToDqRVl0",fr,2023-11-09,16:40:41
https://www.20min.ch/fr/story/japon-des-groupes-criminels-recrutent-en-ligne-pour-des-jobs-de-lombre-166322995716,Japon: Des groupes criminels recrutent en ligne pour des «jobs de l’ombre»,"https://cdn.unitycms.io/images/4s0Qz_AFqi9B51qM4VwDDe.png?op=ocroped&val=1200,1200,1000,1000,0,0&sum=dXEn_hNkctQ",fr,2023-11-09,17:05:23
https://www.20min.ch/fr/story/conflit-au-proche-orient-israel-accepte-des-pauses-873224109559,Conflit au Proche-Orient: Israël accepte des «pauses»,"https://cdn.unitycms.io/images/BKFPur4barf8eCQYwEteHf.jpg?op=ocroped&val=1200,1200,1000,1000,0,0&sum=c-CO5_MmrlA",fr,2023-11-09,17:08:00
https://www.20min.ch/fr/story/thurgovie-les-policiers-ne-pourront-pas-fouiller-dans-les-natels-294016757257,Thurgovie: Les policiers ne pourront pas fouiller dans les natels,"https://cdn.unitycms.io/images/6qDuSyyV4MyBEPhIBGQTGR.jpg?op=ocroped&val=1200,1200,1000,1000,0,0&sum=7MNYwZWNbWk",fr,2023-11-09,17:09:11
https://www.20min.ch/fr/story/etats-unis-apres-30-ans-dans-le-couloir-de-la-mort-un-homme-va-etre-execute-901300969266,"Éats-Unis: Après 30 ans, un homme va être exécuté","https://cdn.unitycms.io/images/7714wwroK2lBSsCmmV26-g.jpg?op=ocroped&val=1200,1200,1000,1000,0,0&sum=0qbaL2aGsC4",fr,2023-11-09,17:10:00
https://www.20min.ch/fr/story/conflit-au-proche-orient-des-vautours-pour-localiser-les-corps-636741832745,Conflit Israël-Gaza: des vautours pour localiser les corps,"https://cdn.unitycms.io/images/0S2rOwdga0a8cCg-5nQ99f.jpg?op=ocroped&val=1200,1200,1000,1000,0,0&sum=z_tPzhAYy40",fr,2023-11-09,17:23:29
https://www.20min.ch/fr/story/panne-cff-bondes-les-trains-du-soir-doivent-debarquer-du-monde-741207970101,"Panne CFF: Bondé, un train du soir doit débarquer du monde","https://cdn.unitycms.io/images/3w5-d_PSqdG9UPsNkV0Dhx.jpg?op=ocroped&val=1200,1200,1000,1000,0,0&sum=oB5Fh7CoZ8g",fr,2023-11-09,17:27:01
https://www.20min.ch/fr/story/vs-ouvriers-exploites-sur-le-chantier-de-lheliport-de-lhopital-102097036891,Vs: Ouvriers exploités sur le chantier de l’héliport de l’hôpital,"https://cdn.unitycms.io/images/20E_RKSY4Hb8x7ZxLDXZPL.jpg?op=ocroped&val=1200,1200,1000,1000,0,0&sum=KnO7BafMBZo",fr,2023-11-09,17:35:51
https://www.20min.ch/fr/story/geneve-le-ski-nautique-banni-de-la-rade-968806943459,Genève: Le ski nautique banni de la Rade,"https://cdn.unitycms.io/images/BxgUcmDoKm-A1FX5CVct7T.png?op=ocroped&val=1200,1200,1000,1000,0,0&sum=RhWwjciQ7zY",fr,2023-11-09,17:53:49
https://www.20min.ch/fr/story/mickey-et-minnie-mouse-a-lhonneur-sur-les-timbres-de-la-poste-140127764570,Mickey et Minnie Mouse à l’honneur sur les timbres de la Poste,"https://cdn.unitycms.io/images/3x86LTv_aEo9CNnx6yH4NS.jpg?op=ocroped&val=1200,1200,1000,1000,0,0&sum=-0pfDWHB5f4",fr,2023-11-09,18:12:38
https://www.20min.ch/fr/story/une-liposuccion-du-genou-coute-la-vie-a-une-amie-de-neymar-930475249040,Une liposuccion du genou coûte la vie à une amie de Neymar,"https://cdn.unitycms.io/images/CLx17PapKRBAXzXwnVIySk.png?op=ocroped&val=1200,1200,1000,638,0,0&sum=yOiuGez2Luk",fr,2023-11-09,18:23:10
https://www.20min.ch/fr/story/zurich-il-se-retrouve-piege-dans-la-salle-des-coffres-dubs-485464516360,Zurich: Il se retrouve piégé dans la salle des coffres d’UBS,"https://cdn.unitycms.io/images/1vL2QqdeaBm83q4MePrf29.jpg?op=ocroped&val=1200,1200,1000,1000,0,0&sum=kXAb1TGvdFs",fr,2023-11-09,19:27:36
https://www.20min.ch/fr/story/football-servette-accueille-le-sheriff-tiraspol-en-europa-league-201401075598,Football: Servette s'impose dans les arrêts de jeu face au Sheriff Tiraspol,"https://cdn.unitycms.io/images/7N2fkqUWKW88Qdx5g6DP7X.jpg?op=ocroped&val=1200,1200,1000,1000,0,0&sum=MMse00ii-rM",fr,2023-11-09,19:56:14
https://www.20min.ch/fr/story/portugal-elections-legislatives-anticipees-prevues-le-10-mars-2024-101947002955,Portugal: Elections législatives anticipées prévues le 10 mars 2024,"https://cdn.unitycms.io/images/86BkbnuWaz_ABmANN8Ue9Z.jpg?op=ocroped&val=1200,1200,1000,1000,0,0&sum=eih7jqxfx_U",fr,2023-11-09,20:25:28
https://www.20min.ch/fr/story/creer-un-mega-domaine-skiable-en-reliant-la-lenk-a-crans-montana-490836787820,Créer un méga domaine skiable en reliant La Lenk à Crans-Montana,"https://cdn.unitycms.io/images/2QKlRDBoqLhA9GxKpuApop.jpg?op=ocroped&val=1200,1200,1000,1000,0,0&sum=lyAVLNaxoM8",fr,2023-11-09,20:37:13
https://www.20min.ch/fr/story/france-un-virus-de-type-ebola-decouvert-chez-des-tiques-191008845328,France: Un virus de type Ebola découvert chez des tiques,"https://cdn.unitycms.io/images/4ozDlYqPaaOAb-7xpjHzIW.jpg?op=ocroped&val=1200,1200,1000,1000,0,0&sum=GfEoXwM69V8",fr,2023-11-09,20:43:30
https://www.20min.ch/fr/story/france-dupond-moretti-et-molins-reglent-leurs-comptes-699954587346,France: Dupond-Moretti et Molins règlent leurs comptes,"https://cdn.unitycms.io/images/07kI3JBpKLXBeiB_Nngnq-.jpg?op=ocroped&val=1200,1200,1000,1000,0,0&sum=KiucC1UGA2o",fr,2023-11-09,21:15:22
https://www.20min.ch/fr/story/ces-frontaliers-veulent-un-echangeur-autoroutier-a-viry-993834287668,Ces frontaliers veulent un échangeur autoroutier à Viry,"https://cdn.unitycms.io/images/DYaveMyEKVu9Vl5ep9mbbB.jpg?op=ocroped&val=1200,1200,1000,1000,0,0&sum=-EWDVYNRzVM",fr,2023-11-09,21:37:05
https://www.20min.ch/fr/story/football-bruges-lugano-541274658511,Football: Lugano s'incline à Bruges,"https://cdn.unitycms.io/images/CkpFfDeaqj-ActY14MsJ-h.jpg?op=ocroped&val=1200,1200,1000,1000,0,0&sum=_RSRegsDCmw",fr,2023-11-09,22:06:21
https://www.20min.ch/fr/story/football-bruges-trop-fort-pour-un-lugano-decime-731272293297,Football: Bruges trop fort pour un Lugano décimé,"https://cdn.unitycms.io/images/5xcnwposam3Bxb3y4NSdzz.jpg?op=ocroped&val=1200,1200,1000,1000,0,0&sum=bc994XmxM6g",fr,2023-11-09,22:18:05
https://www.20min.ch/fr/story/colombie-la-guerilla-de-leln-libere-le-pere-du-footballeur-luis-diaz-776554671697,Colombie: La guérilla de l’ELN libère le père du footballeur Luis Diaz,"https://cdn.unitycms.io/images/Ae_taeDW4L6AEh0KZ3aRw8.jpg?op=ocroped&val=1200,1200,1000,1000,0,0&sum=F84OZvYNLgc",fr,2023-11-09,22:20:17
https://www.20min.ch/fr/story/environnement-lue-parvient-a-un-accord-sur-un-texte-cle-sur-la-biodiversite-901556298555,Environnement: L’UE parvient à un accord sur un texte clé sur la biodiversité,"https://cdn.unitycms.io/images/3gfAyea44PlAjSUobFqznB.jpg?op=ocroped&val=1200,1200,1000,1000,0,0&sum=o9YIHKI23jw",fr,2023-11-09,22:56:50
https://www.20min.ch/fr/story/etats-unis-joe-manchin-un-senateur-democrate-cle-ne-se-representera-pas-879148140255,"Etats-Unis: Joe Manchin, un sénateur démocrate clé, ne se représentera pas","https://cdn.unitycms.io/images/71s2xddrKi1BR3Ceh6lxEf.jpg?op=ocroped&val=1200,1200,1000,1000,0,0&sum=sGTrabGT7m8",fr,2023-11-09,23:27:48
https://www.20min.ch/fr/story/sante-les-etats-unis-approuvent-le-premier-vaccin-contre-le-chikungunya-552293194986,Santé: Les Etats-Unis approuvent le premier vaccin contre le chikungunya,"https://cdn.unitycms.io/images/0wsjHtsWq439g0IJHLxcrp.jpg?op=ocroped&val=1200,1200,1000,1000,0,0&sum=UOvF0mvnDM0",fr,2023-11-09,23:38:33
https://www.20min.ch/fr/story/etats-unis-un-meurtrier-execute-au-texas-apres-30-ans-dans-le-couloir-de-la-mort-706383553228,Etats-Unis: Un meurtrier exécuté au Texas après 30 ans dans le couloir de la mort,"https://cdn.unitycms.io/images/BOA8oELia9RAOtm5FuDcwt.jpg?op=ocroped&val=1200,1200,1000,1000,0,0&sum=7aSmYK9MJTk",fr,2023-11-10,03:13:59
https://www.20min.ch/fr/story/un-elu-argovien-veut-taxer-les-chats-au-meme-titre-que-les-chiens-336681464975,Un élu argovien veut taxer les chats au même titre que les chiens,"https://cdn.unitycms.io/images/8TPvdDm_4kw9Hb_fXhyXCE.jpg?op=ocroped&val=1200,1200,1000,1000,0,0&sum=FvP1V-VCmC0",fr,2023-11-10,05:02:58
https://www.20min.ch/fr/story/philippines-manille-accuse-la-chine-davoir-tire-au-canon-a-eau-sur-un-bateau-535958397239,Philippines: Manille accuse la Chine d’avoir tiré au canon à eau sur un bateau,"https://cdn.unitycms.io/images/4_FyUq6jq2E9aW2QVc_ORf.jpg?op=ocroped&val=1200,1200,1000,1000,0,0&sum=IByoxMmrar4",fr,2023-11-10,05:05:55
https://www.20min.ch/fr/story/il-fait-une-crise-cardiaque-dans-un-resto-ou-quatre-medecins-mangeaient-509824574714,Il fait une crise cardiaque dans un resto où quatre médecins mangeaient,"https://cdn.unitycms.io/images/9mRfo9l1KUrAMdW_GIHnP_.png?op=ocroped&val=1200,1200,1000,1000,0,0&sum=YPUTPUvM7-I",fr,2023-11-10,05:08:21
https://www.20min.ch/fr/story/neuchatel-coup-de-pouce-de-roger-federer-au-college-de-vauseyon-979296306309,Neuchâtel: Coup de pouce de Roger Federer au Collège de Vauseyon,"https://cdn.unitycms.io/images/AvcMQkNXaph9U32J6wbtye.jpg?op=ocroped&val=1200,1200,1000,1000,0,0&sum=Aru3gfH6eIE",fr,2023-11-10,05:43:50
https://www.20min.ch/fr/story/birmanie-50000-civils-deplaces-en-raison-des-combats-dans-le-nord-640190648387,Birmanie: 50’000 civils déplacés en raison des combats dans le Nord,"https://cdn.unitycms.io/images/7eNGhzKYKAQ96t6NOLXJwW.jpg?op=ocroped&val=1200,1200,1000,1000,0,0&sum=AxZ1lQWBN6s",fr,2023-11-10,05:48:51
https://www.20min.ch/fr/story/bons-plans-de-voyages-pour-2024-huit-destinations-de-vacances-grandioses-pour-petits-budgets-166796497263,Huit destinations de vacances grandioses pour petits budgets,"https://cdn.unitycms.io/images/1Ta1TgtUKyR88JLxmxZNz9.jpg?op=ocroped&val=1200,1200,758,848,152,2&sum=uXTan0eOZAY",fr,2023-11-10,06:00:00
https://www.20min.ch/fr/story/cff-retour-a-la-normale-sur-la-ligne-lausanne-geneve-ce-matin-388287456452,CFF: Retour à la normale sur la ligne Lausanne – Genève ce matin,"https://cdn.unitycms.io/images/5YNObwA6qZOBOCwU0EO7s4.png?op=ocroped&val=1200,1200,1000,1000,0,0&sum=JAUQjFRYOIs",fr,2023-11-10,06:13:04
https://www.20min.ch/fr/story/neuchatel-grands-bandits-pour-le-proc-pigeons-pour-la-defense-914966243928,"Neuchâtel: Grands bandits pour le proc', pigeons pour la défense","https://cdn.unitycms.io/images/5df4tlns4hoApgpXHdsNZh.jpg?op=ocroped&val=1200,1200,1000,1000,0,0&sum=26NKZAjWVz0",fr,2023-11-10,07:01:33
https://www.20min.ch/fr/story/nba-les-hawks-de-capela-renversent-orlando-a-la-derniere-minute-665606847924,NBA: Clint Capela et les Hawks gagnent sur le fil à Orlando,"https://cdn.unitycms.io/images/CBM4rNO04zqB7AAZjUHt-t.jpg?op=ocroped&val=1200,1200,1000,1000,0,0&sum=jZbpIiX39AE",fr,2023-11-10,07:06:40
https://www.20min.ch/fr/story/sante-le-chuv-prevoit-un-deficit-de-39-8-millions-de-francs-815815259751,"Santé: Le CHUV prévoit un déficit de 39,8 millions de francs","https://cdn.unitycms.io/images/C_BBPDGPqDABlGAH01nZRW.jpg?op=ocroped&val=1200,1200,1000,1000,0,0&sum=vM5Lq4CNz7o",fr,2023-11-10,07:14:46
https://www.20min.ch/fr/story/cest-dur-de-tout-perdre-le-nord-de-la-france-sous-les-eaux-apres-dintenses-pluies-802827707049,Le nord de la France sous les eaux après d’intenses pluies ,"https://cdn.unitycms.io/images/EYFvtqwU4mXBB87NSIuvy5.jpg?op=ocroped&val=1200,1200,1000,1000,0,0&sum=uaJw08K4Zy8",fr,2023-11-10,07:25:15
https://www.20min.ch/fr/story/football-les-images-de-la-liberation-du-pere-de-luis-diaz-723686951517,Football: Les images de la libération du père de Luis Diaz,"https://cdn.unitycms.io/images/0EhTM-Tmq52B6S6XhbdlGD.jpg?op=ocroped&val=1200,1200,1000,1000,0,0&sum=tIFeeWRQlxo",fr,2023-11-10,08:33:53
https://www.20min.ch/fr/story/nhl-fiala-reste-sur-son-nuage-les-kings-chutent-977805515323,"NHL: Fiala reste sur son nuage, les Kings chutent","https://cdn.unitycms.io/images/1F5GXGH9qhhA9q2eUOQHwi.jpg?op=ocroped&val=1200,1200,1000,1000,0,0&sum=9dDAIt8CiJc",fr,2023-11-10,08:36:05
https://www.20min.ch/fr/story/une-americaine-gagne-deux-fois-a-la-loterie-a-une-semaine-dintervalle-755708911592,Une Américaine gagne deux fois à la loterie à une semaine d’intervalle,"https://cdn.unitycms.io/images/Ci_Gp6emanMAIkgzSbyyV9.jpg?op=ocroped&val=1200,1200,1000,1000,0,0&sum=jQUPn2Kyzk4",fr,2023-11-10,08:36:26
https://www.20min.ch/fr/story/ballon-d-or-le-vote-de-journalistes-dont-celui-de-la-rts-a-surpris-deschamps-748054211620,"Ballon d'or: Le vote de journalistes, dont celui de la RTS, a surpris Deschamps","https://cdn.unitycms.io/images/0vHieiuRaV48IQetfQU8Ju.jpg?op=ocroped&val=1200,1200,1000,1000,0,0&sum=dPjc5S64dv8",fr,2023-11-10,08:39:34
https://www.20min.ch/fr/story/bangladesh-la-premiere-ministre-refuse-de-hausser-le-salaire-des-ouvriers-du-textile-902100846856,Bangladesh: Les ouvriers doivent faire avec un salaire de 100 fr.,"https://cdn.unitycms.io/images/11HM78dXalJ8sOUnt5rVT3.jpg?op=ocroped&val=1200,1200,715,757,190,55&sum=bzH9PpRIaec",fr,2023-11-10,08:47:17
https://www.20min.ch/fr/story/le-chauffage-dans-les-cff-fait-hurler-certains-passagers-332427756043,Le chauffage dans les CFF fait hurler certains passagers,"https://cdn.unitycms.io/images/0ZDN4kFZ43bAsJxGC746IT.jpg?op=ocroped&val=1200,1200,1000,1000,0,0&sum=Zd7bIqNGcpc",fr,2023-11-10,09:02:05
https://www.20min.ch/fr/story/jared-leto-a-escalade-lempire-state-building-a-new-york-752081863696,Jared Leto a escaladé l’Empire State Building à New York,"https://cdn.unitycms.io/images/1JY6MWuY4BBBUpPnLFyzKA.jpg?op=ocroped&val=1200,1200,1000,1000,0,0&sum=Payn66BaOVo",fr,2023-11-10,09:24:03
https://www.20min.ch/fr/story/ski-alpin-le-troisieme-entrainement-a-zermatt-a-nouveau-annule-355290199679,Ski alpin: Le troisième entraînement à Zermatt à nouveau annulé,"https://cdn.unitycms.io/images/FHHDLZ2jKlcBmIZyR-gE0G.jpg?op=ocroped&val=1200,1200,1000,1000,0,0&sum=vEZpzSl5LTE",fr,2023-11-10,09:38:09
https://www.20min.ch/fr/story/luxe-un-parfum-pour-bebe-a-245-francs-603034362040,luxe: Un parfum pour bébé à 245 francs,"https://cdn.unitycms.io/images/6wjHIUewqZx8cTPEblij3a.jpg?op=ocroped&val=1200,1200,1000,1000,0,0&sum=wOssCSlceAg",fr,2023-11-10,10:00:00
https://www.20min.ch/fr/story/geneve-restaurant-des-eaux-vives-le-chef-yannick-alleno-recale-880446668809,Genève: Restaurant des Eaux-Vives: le chef Yannick Alléno recalé,"https://cdn.unitycms.io/images/FF6GPiKbKpP9C8d7A99p5I.jpg?op=ocroped&val=1200,1200,1000,1000,0,0&sum=dT2dvEaCR2w",fr,2023-11-10,10:02:40
https://www.20min.ch/fr/story/pacifique-laustralie-offre-lasile-climatique-aux-citoyens-de-larchipel-de-tuvalu-531725034083,L’Australie offre l’asile climatique aux citoyens de l’archipel de Tuvalu,"https://cdn.unitycms.io/images/2ZEVExLh4CT9CqlkMzHfJK.jpg?op=ocroped&val=1200,1200,1000,1000,0,0&sum=xeEmeX9ji5Q",fr,2023-11-10,10:07:20
https://www.20min.ch/fr/story/etude-les-portugais-champions-de-lenvoi-dargent-au-pays-623262326059,Etude: Les Portugais champions de l’envoi d’argent au pays,"https://cdn.unitycms.io/images/BhrAU9-7apU8-1NiBQ3VGt.jpg?op=ocroped&val=1200,1200,1000,1000,0,0&sum=LPiOdjxEOas",fr,2023-11-10,10:13:42
https://www.20min.ch/fr/story/ag-elle-roule-avec-le-reservoir-presque-vide-et-se-crashe-174290515033,AG: Elle roule avec le réservoir presque vide et se crashe,"https://cdn.unitycms.io/images/1G3X9ju4aek8Cx_8mfKv1L.jpg?op=ocroped&val=1200,1200,1000,1000,0,0&sum=InKY80PInzg",fr,2023-11-10,10:38:36
https://www.20min.ch/fr/story/les-elus-lausannois-veulent-bannir-le-genre-des-documents-648988746117,Les élus lausannois veulent bannir le genre des documents,"https://cdn.unitycms.io/images/87285-XzK3795RdIUapOEK.jpg?op=ocroped&val=1200,1200,1000,1000,0,0&sum=LFBNvDxynEA",fr,2023-11-10,10:44:39
https://www.20min.ch/fr/story/japon-face-a-la-polemique-le-premier-ministre-doit-renoncer-a-une-hausse-de-salaire-311905471410,"Face à la polémique, le Premier ministre japonais doit renoncer à une hausse de salaire","https://cdn.unitycms.io/images/BrZbgHjmqtA9FK_MMWVU2m.jpg?op=ocroped&val=1200,1200,1000,1000,0,0&sum=jrm8EKuhgTE",fr,2023-11-10,10:49:38
https://www.20min.ch/fr/story/conflit-israel-gaza-des-syndicats-bloquent-une-usine-darmements-en-angleterre-576125674065,Conflit Israël-Gaza: une usine d’armements bloquée en Angleterre ,"https://cdn.unitycms.io/images/D9rBWQq24Fj8krlyFWAzlE.jpg?op=ocroped&val=1200,1200,1000,1000,0,0&sum=5wuLXB0z2wc",fr,2023-11-10,10:51:37
https://www.20min.ch/fr/story/football-sur-un-malentendu-ca-a-marche-482851920061,Football: Sur un malentendu… ça a marché!,"https://cdn.unitycms.io/images/7BdJMZcZ4Qq85mdli_A-nB.jpg?op=ocroped&val=1200,1200,1000,1000,0,0&sum=T8HYhZilK2o",fr,2023-11-10,11:00:08
https://www.20min.ch/fr/story/vaud-la-fumee-pres-de-la-gare-de-renens-a-fait-craindre-le-pire-213887259381,Vaud: La fumée près de la gare de Renens a fait craindre le pire ,"https://cdn.unitycms.io/images/92s9zpmJ4qoAJHWsPYaZ8S.jpg?op=ocroped&val=1200,1200,1000,1000,0,0&sum=OBAjs7HMge8",fr,2023-11-10,11:03:18
https://www.20min.ch/fr/story/harry-styles-s-est-rase-la-tete-panique-chez-ses-fans-654507024544,Harry Styles s'est rasé la tête: panique chez ses fans,"https://cdn.unitycms.io/images/7hLy2Bo2aW49fcARPA7wLJ.jpg?op=ocroped&val=1200,1200,1000,1000,0,0&sum=1oRYNq6dwdo",fr,2023-11-10,11:06:59
https://www.20min.ch/fr/story/royaume-uni-le-prince-harry-remporte-une-bataille-contre-des-tabloids-533388199712,Le prince Harry remporte une bataille contre des tabloïds ,"https://cdn.unitycms.io/images/3uEJqkcy48w9xMOwl__6aR.jpg?op=ocroped&val=1200,1200,1000,1000,0,0&sum=y9Z_Qf_OY8Q",fr,2023-11-10,11:14:05
https://www.20min.ch/fr/story/taylor-swift-en-argentine-elle-represente-tout-pour-nous-615635258293,Taylor Swift en Argentine: «Elle représente tout pour nous»,"https://cdn.unitycms.io/images/8dJmJGg-qa788jTtiW1w4X.png?op=ocroped&val=1200,1200,587,427,1,76&sum=uOAh9OCPnRI",fr,2023-11-10,11:56:14
https://www.20min.ch/fr/story/pour-abreuver-les-touristes-les-capites-pourraient-se-passer-de-wc-274207949684,"Pour abreuver les touristes, les capites pourraient se passer de WC","https://cdn.unitycms.io/images/FmXWah74aR6Ad27q9v_QaA.jpg?op=ocroped&val=1200,1200,1000,1000,0,0&sum=rBYqvpn8C94",fr,2023-11-10,12:00:28
https://www.20min.ch/fr/story/canton-de-neuchatel-victimes-au-sens-de-la-lavi-deux-enfants-ont-ete-indemnises-191979912194,Canton de Neuchâtel: Drame des Verrières: les deux enfants ont été indemnisés,"https://cdn.unitycms.io/images/2Qf_bJjlaHfAivPA_EDVb2.jpg?op=ocroped&val=1200,1200,1000,1000,0,0&sum=m19SQC_64fo",fr,2023-11-10,12:46:20
https://www.20min.ch/fr/story/ski-alpin-controle-du-taux-de-fluor-les-machines-ne-fonctionnent-pas-656200757929,Ski alpin: les machines qui contrôlent le fluor font polémique,"https://cdn.unitycms.io/images/8YTzfTQy4Ji8y-yOC2_I8i.jpg?op=ocroped&val=1200,1200,1000,1000,0,0&sum=cmQ6tbIJH1s",fr,2023-11-10,12:54:33
https://www.20min.ch/fr/story/politique-au-portugal-la-course-au-poste-de-premier-ministre-est-lancee-829884057943,"Au Portugal, la course au poste de Premier ministre est lancée","https://cdn.unitycms.io/images/1Ql7FHLBqsh9DXA5V6p9MK.jpg?op=ocroped&val=1200,1200,1000,1000,0,0&sum=olt3xzAH9PY",fr,2023-11-10,13:16:58
https://www.20min.ch/fr/story/israel-les-reves-de-paix-se-sont-evanouis-apres-le-7-octobre-858523988572,Israël: Les rêves de paix se sont évanouis après le 7 octobre ,"https://cdn.unitycms.io/images/AUdS9bnhKGhB0UYmTaefZe.jpg?op=ocroped&val=1200,1200,1000,1000,0,0&sum=AH9cs5AefyA",fr,2023-11-10,13:53:57
https://www.20min.ch/fr/story/une-version-senior-du-bachelor-est-en-preparation-pour-m6-549551224456,Une version senior du Bachelor est en préparation pour M6,"https://cdn.unitycms.io/images/2pnrea2-aQV83Luzh0f3R6.jpg?op=ocroped&val=1200,1200,991,529,102,0&sum=Scc4-X2Dflk",fr,2023-11-10,13:54:20
https://www.20min.ch/fr/story/zoug-passager-exotique-decouvert-dans-un-box-en-sagex-924199815057,Zoug: Passager exotique découvert dans un box en Sagex,"https://cdn.unitycms.io/images/9OF7g3YiaI28fx7L2zxB63.jpg?op=ocroped&val=1200,1200,1000,1000,0,0&sum=pQZcUrFpXgk",fr,2023-11-10,14:08:00
https://www.20min.ch/fr/story/vaud-le-pere-incestueux-ecope-de-15-ans-de-prison-917659335803,Vaud: Le père incestueux écope de 15 ans de prison ,"https://cdn.unitycms.io/images/E5SQkv_jaeQAP6OuZYe0dW.jpg?op=ocroped&val=1200,1200,1000,1000,0,0&sum=5mOjzJ8ubqA",fr,2023-11-10,14:15:49
https://www.20min.ch/fr/story/france-deux-lyceens-arretes-apres-des-tirs-de-mortier-sur-un-lycee-de-lyon-628894444744,Lyon: deux lycéens arrêtés après des tirs de mortier sur un lycée,"https://cdn.unitycms.io/images/DXWecGOk4cAAd7jKrz9sxJ.jpg?op=ocroped&val=1200,1200,1000,1000,0,0&sum=t_ERqulXKlk",fr,2023-11-10,14:18:53
https://www.20min.ch/fr/story/flambee-de-rougeole-a-geneve-cinq-cas-et-340-personnes-contact-138240427925,Flambée de rougeole à Genève: cinq cas et 340 personnes contact ,"https://cdn.unitycms.io/images/2rlcu93KqQ3Brf8N4Nu4GI.jpg?op=ocroped&val=1200,1200,1000,1000,0,0&sum=KK1nur_wgLw",fr,2023-11-10,14:43:54
https://www.20min.ch/fr/story/france-le-superviseur-de-lassurance-alerte-contre-larnaque-zebrance-848829554960,France: Le superviseur de l’assurance alerte contre Zebrance,"https://cdn.unitycms.io/images/8XohLJcRa2sBq5ei9qULiR.jpg?op=ocroped&val=1200,1200,1000,1000,0,0&sum=Aqox5yhCJMU",fr,2023-11-10,14:52:43
https://www.20min.ch/fr/story/elle-laisse-ses-fils-grossir-pour-ne-pas-utiliser-de-chauffage-549602870907,Elle laisse ses fils grossir pour ne pas utiliser le chauffage,"https://cdn.unitycms.io/images/DY4ypAT1KHC8xCJXO5hjUw.jpg?op=ocroped&val=1200,1200,1000,1000,0,0&sum=Ha7mXTGKBYs",fr,2023-11-10,15:00:00
https://www.20min.ch/fr/story/poutine-gracie-un-individu-ayant-torture-a-mort-sa-petite-amie-771117197610,Poutine gracie un individu ayant torturé à mort sa petite amie,"https://cdn.unitycms.io/images/FwuQ0jw542o8pnNvWtcB8o.png?op=ocroped&val=1200,1200,1000,1000,0,0&sum=GbqBtiEyC-4",fr,2023-11-10,15:02:27
https://www.20min.ch/fr/story/lausanne-des-propalestiniens-recouvrent-un-mcdonald-s-de-peinture-312642668035,Lausanne: Des propalestiniens recouvrent un McDonald's de peinture,NA,fr,2023-11-10,15:16:06
https://www.20min.ch/fr/story/guerre-en-ukraine-les-repris-de-justice-russes-envoyes-au-front-expient-leur-crime-par-le-sang-782092289017,Ukraine: les repris de justice russes envoyés au front «expient leur crime par le sang»,"https://cdn.unitycms.io/images/3DKkJ6NN4lr9VuCVFgGi3_.jpg?op=ocroped&val=1200,1200,1000,1000,0,0&sum=roImqXEMV4o",fr,2023-11-10,15:19:24
https://www.20min.ch/fr/story/france-devant-la-justice-jean-castex-defend-lexcellent-dupond-moretti-151532254166,France: Jean Castex défend l’«excellent» Dupond-Moretti,"https://cdn.unitycms.io/images/4NuiBjb74g7AK50gVshWjL.jpg?op=ocroped&val=1200,1200,1000,1000,0,0&sum=wSXcV7FfoA4",fr,2023-11-10,16:03:03
https://www.20min.ch/fr/story/guerre-en-ukraine-kiev-annonce-le-rapatriement-dun-jeune-orphelin-transfere-en-russie-766764239812,Ukraine: Kiev annonce le rapatriement d’un jeune orphelin transféré en Russie,"https://cdn.unitycms.io/images/4jmBvBTWqbpAQQCoX8u_q8.png?op=ocroped&val=1200,1200,1000,1000,0,0&sum=17RoTiPDB3c",fr,2023-11-10,16:20:08
https://www.20min.ch/fr/story/neuchatel-prison-ferme-pour-un-seul-des-cambrioleurs-387209598961,Neuchâtel: prison ferme pour un seul des cambrioleurs,"https://cdn.unitycms.io/images/30P4kUaoK4c8tLy_ZgH5G7.jpg?op=ocroped&val=1200,1200,1000,1000,0,0&sum=lvsf9NemzJE",fr,2023-11-10,16:22:18
https://www.20min.ch/fr/story/protection-des-mineurs-bruxelles-ouvre-aussi-une-enquete-visant-meta-et-snapchat-856087054152,Protection des mineurs: L'UE enquête sur Meta et Snapchat,"https://cdn.unitycms.io/images/DjpEovcbKOVAsCwtN9-reG.jpg?op=ocroped&val=1200,1200,1000,1000,0,0&sum=qa25uhTU_y0",fr,2023-11-10,16:38:15
https://www.20min.ch/fr/story/chute-mortelle-a-bienne-la-piste-de-l-homicide-refait-surface-325424255277,Chute mortelle à Bienne: la piste de l'homicide refait surface,"https://cdn.unitycms.io/images/8OVjdlpaq_b9pDPUfkLF_j.jpg?op=ocroped&val=1200,1200,1000,1000,0,0&sum=bsxXmGYq6J8",fr,2023-11-10,16:52:09
https://www.20min.ch/fr/story/mode-le-directeur-artistique-de-moschino-meurt-dix-jours-apres-sa-venue-452219907454,Le directeur artistique de Moschino meurt dix jours après sa venue,"https://cdn.unitycms.io/images/0EzgcOliKreBnkyf4fjxYL.jpg?op=ocroped&val=1200,1200,1000,1000,0,0&sum=Vvu5NAgGF9E",fr,2023-11-10,17:55:37
https://www.20min.ch/fr/story/geneve-un-arbre-sabat-sur-la-terrasse-dun-cafe-aux-eaux-vives-230354272057,Genève: Un arbre s’abat sur la terrasse d’un café aux Eaux-Vives,"https://cdn.unitycms.io/images/AVOPYu0AalQB7Mpi3jWiLg.jpg?op=ocroped&val=1200,1200,1000,1000,0,0&sum=cIPhoNrpuI8",fr,2023-11-10,18:47:16
https://www.20min.ch/fr/story/football-ardon-jashari-refuse-la-convocation-en-m21-883881967464,Football: Ardon Jashari refuse la convocation en M21,"https://cdn.unitycms.io/images/4uySuUPnKlPAnhyj5Mz4l1.jpg?op=ocroped&val=1200,1200,1000,1000,0,0&sum=UMwwKQMIdNE",fr,2023-11-10,19:07:58
https://www.20min.ch/fr/story/un-elu-pro-israelien-fait-un-tolle-dans-les-ecoles-a-zoug-517317397180,Un élu pro-israélien fait un tollé dans les écoles à Zoug,"https://cdn.unitycms.io/images/2dpMRBag4VtAQzMfmjCIEg.jpg?op=ocroped&val=1200,1200,1000,1000,0,0&sum=5r0tayI7eeA",fr,2023-11-10,19:26:01
https://www.20min.ch/fr/story/france-le-rappeur-kaaris-relaxe-dune-accusation-de-violences-conjugales-778661519339,France: Le rappeur Kaaris relaxé d’une accusation de violences conjugales,"https://cdn.unitycms.io/images/FtN-QSfqa4F8Y8tIEPZTWE.jpg?op=ocroped&val=1200,1200,1000,1000,0,0&sum=IenTgOLvydg",fr,2023-11-10,19:28:24
https://www.20min.ch/fr/story/proche-orient-les-hopitaux-de-la-ville-de-gaza-cernes-par-les-combats-838213369482,Les hôpitaux de la ville de Gaza cernés par les combats,"https://cdn.unitycms.io/images/81vrCNdvK4K9nKFJzaCARv.jpg?op=ocroped&val=1200,1200,1000,1000,0,0&sum=B8BMJSlohkg",fr,2023-11-10,20:29:04
https://www.20min.ch/fr/story/venise-vernayaz-les-cff-font-une-halte-a-la-demande-641928739808,Venise Vernayaz: Les CFF font une halte à la demande,"https://cdn.unitycms.io/images/4MO22FHI4F-BZjwz4R_HIf.jpg?op=ocroped&val=1200,1200,1000,1000,0,0&sum=Y0OzW-ZngbI",fr,2023-11-10,20:41:22
https://www.20min.ch/fr/story/justice-francaise-dix-huit-prevenus-condamnes-dans-laffaire-du-camion-charnier-371086978871,Affaire du «camion charnier»: 18 prévenus condamnés en France,"https://cdn.unitycms.io/images/7FVFEFMjqBYAFMmVMp668-.jpg?op=ocroped&val=1200,1200,1000,1000,0,0&sum=PczYD5izElM",fr,2023-11-10,21:00:18
https://www.20min.ch/fr/story/football-enfin-libere-xamax-se-promene-a-baden-482218662565,"Football: Enfin libéré, Xamax se promène à Baden","https://cdn.unitycms.io/images/DMhGY3xaKzX9wUJROoWZCU.jpg?op=ocroped&val=1200,1200,1000,1000,0,0&sum=VZHwrXKvThE",fr,2023-11-10,21:14:07
https://www.20min.ch/fr/story/football-revenu-de-nulle-part-sion-arrache-le-nul-a-la-93e-769639537218,Super League: Sion sauve un point à la 93e minute,"https://cdn.unitycms.io/images/73eqf_ADKtpAIrBjwYeV5u.jpg?op=ocroped&val=1200,1200,1000,1000,0,0&sum=w5N7wfGsf20",fr,2023-11-10,21:31:31
https://www.20min.ch/fr/story/vente-aux-encheres-dart-un-monet-vendu-74-millions-de-dollars-a-new-york-542674554935,Enchères d’art: Le musée Langmatt de Baden vend trois Cézanne à New York,"https://cdn.unitycms.io/images/2jCk0Y6BqFRB3BTfhGMHHI.jpg?op=ocroped&val=1200,1200,1000,1000,0,0&sum=NNzmJbIfquo",fr,2023-11-10,22:57:26
https://www.20min.ch/fr/story/etats-unis-le-fbi-a-saisi-les-telephones-du-maire-de-new-york-916687499933,Etats-Unis: Le FBI a saisi les téléphones du maire de New York ,"https://cdn.unitycms.io/images/8OULedOoqXxBxnCvHisjEd.jpg?op=ocroped&val=1200,1200,1000,1000,0,0&sum=moprVOqcHRc",fr,2023-11-11,01:20:40
https://www.20min.ch/fr/story/rapprochement-russie-coree-du-nord-pyongyang-condamne-les-mises-en-garde-de-blinken-380042153001,Rapprochement Russie-Corée du Nord: Pyongyang condamne les mises en garde de Blinken ,"https://cdn.unitycms.io/images/7liogj0X4d78ORgtgSvfKm.jpg?op=ocroped&val=1200,1200,1000,1000,0,0&sum=zYTUZey9bkk",fr,2023-11-11,05:38:07
https://www.20min.ch/fr/story/hugo-philip-compagnon-de-caroline-receveur-craque-sur-instagram-426939941015,"Hugo Philip, compagnon de Caroline Receveur, craque sur Instagram","https://cdn.unitycms.io/images/1ksUyE7e4-KBkpeQdoaIgn.png?op=ocroped&val=1200,1200,1000,1000,0,0&sum=CRxLcFz2_nk",fr,2023-11-11,07:27:43
https://www.20min.ch/fr/story/ittigen-be-une-rixe-fait-deux-morts-et-un-blesse-427404816914,Ittigen (BE): Une rixe fait deux morts et un blessé,"https://cdn.unitycms.io/images/8qjuE4NYahoAqqfvJdWfWj.jpg?op=ocroped&val=1200,1200,756,742,99,105&sum=t21IF1olGds",fr,2023-11-11,07:29:10
https://www.20min.ch/fr/story/voile-la-genevoise-justine-mettraux-remonte-au-2e-rang-951972770377,Transat Jacques Vabre: La Genevoise Justine Mettraux est en tête,"https://cdn.unitycms.io/images/2GoUbH5JqM_AJtX9ap9QaQ.jpg?op=ocroped&val=1200,1200,511,503,417,0&sum=l9QyNOS1LDo",fr,2023-11-11,07:53:06
https://www.20min.ch/fr/story/le-singles-day-peine-a-attirer-la-foule-suisse-cette-annee-229550556048,Le «Singles Day» peine à attirer la foule suisse cette année,"https://cdn.unitycms.io/images/BIQoRc9ealgBASjyk3aUOM.jpg?op=ocroped&val=1200,1200,1000,1000,0,0&sum=3_-oHaTcw2I",fr,2023-11-11,07:53:53
https://www.20min.ch/fr/story/hockey-timo-meier-buteur-defaite-des-nj-devils-539900633979,"Hockey: Timo Meier buteur, défaite des NJ Devils","https://cdn.unitycms.io/images/2JjXlQQ3aWb9kZG72wXcDL.jpg?op=ocroped&val=1200,1200,1000,1000,0,0&sum=cCmww6CafQw",fr,2023-11-11,07:59:18
https://www.20min.ch/fr/story/basket-wemby-perd-contre-rudy-dans-le-duel-des-geants-francais-743220203654,"Basket: «Wemby» perd contre «Rudy», dans le duel des géants français","https://cdn.unitycms.io/images/E0g-ZvVXas6AKqgKtYHO6-.jpg?op=ocroped&val=1200,1200,1000,1000,0,0&sum=ZKp6Xqr7VbE",fr,2023-11-11,08:14:58
https://www.20min.ch/fr/story/football-la-saison-prochaine-sera-encore-meilleure-promet-messi-350327316940,Football: «La saison prochaine sera encore meilleure» promet Messi,"https://cdn.unitycms.io/images/6mSBi551KdlAbwIXuuTmvU.jpg?op=ocroped&val=1200,1200,1000,1000,0,0&sum=O7xYkRAlTAY",fr,2023-11-11,08:19:33
https://www.20min.ch/fr/story/conflit-israel-hamas-comment-gouverner-gaza-apres-la-guerre-970993208591,Conflit Israël-Hamas : Comment gouverner Gaza après la guerre? ,"https://cdn.unitycms.io/images/AOY3uPIvqxh9c5MKQmPNVI.jpg?op=ocroped&val=1200,1200,1000,1000,0,0&sum=6Ntd41Pun9c",fr,2023-11-11,08:28:05
https://www.20min.ch/fr/story/voici-comment-se-masturber-sans-risque-avec-des-ongles-longs-574989415995,Voici comment se masturber sans risque avec des ongles longs ,"https://cdn.unitycms.io/images/3UWXwTuca0M8hIORMUFYoR.jpg?op=ocroped&val=1200,1200,1000,581,247,0&sum=OvglFQNFYig",fr,2023-11-11,09:00:00
https://www.20min.ch/fr/story/operation-deluge-dal-aqsa-des-centaines-de-roquettes-tirees-de-la-bande-de-gaza-vers-israel-238434023542,Guerre Israël-Hamas: Première frappe israélienne en profondeur au Liban,"https://cdn.unitycms.io/images/6I53DYB84EF95yzmsAIjWW.jpg?op=ocroped&val=1200,1200,1000,1000,0,0&sum=-jIU4lvOQgc",fr,2023-11-11,09:20:19
https://www.20min.ch/fr/story/ski-alpin-petra-vlhova-impressionne-les-suissesses-sont-loin-475672275009,"Ski alpin: Petra Vlhova impressionne, les Suissesses sont loin","https://cdn.unitycms.io/images/4iqhnjRdqtI8KasXncM--f.jpg?op=ocroped&val=1200,1200,1000,1000,0,0&sum=QnZS1CvlREI",fr,2023-11-11,09:53:19
https://www.20min.ch/fr/story/conflit-israel-hamas-la-russie-pratique-la-desinformation-selon-microsoft-735255810802,"Israël-Hamas: Moscou pratique la désinformation, selon Microsoft","https://cdn.unitycms.io/images/1lW0VrYaaON9kNJYObGGZ3.jpg?op=ocroped&val=1200,1200,1000,1000,0,0&sum=7xqNc609VsM",fr,2023-11-11,09:59:14
